Time,Data
0,1
0.011111,1
0.022222,1
0.033333,1
0.044444,1
0.055556,1
0.066667,1
0.077778,1
0.088889,1
0.1,1
0.11111,1
0.12222,1
0.13333,1
0.14444,1
0.15556,1
0.16667,1
0.17778,1
0.18889,1
0.2,1
0.21111,1
0.22222,1
0.23333,1
0.24444,1
0.25556,1
0.26667,1
0.27778,1
0.28889,1
0.3,1
0.31111,1
0.32222,1
0.33333,1
0.34444,1
0.35556,1
0.36667,1
0.37778,1
0.38889,1
0.4,1
0.41111,1
0.42222,1
0.43333,1
0.44444,1
0.45556,1
0.46667,1
0.47778,1
0.48889,1
0.5,1
0.51111,1
0.52222,1
0.53333,1
0.54444,1
0.55556,1
0.56667,1
0.57778,1
0.58889,1
0.6,1
0.61111,1
0.62222,1
0.63333,1
0.64444,1
0.65556,1
0.66667,1
0.67778,1
0.68889,1
0.7,1
0.71111,1
0.72222,1
0.73333,0
0.74444,0
0.75556,0
0.76667,0
0.77778,0
0.78889,0
0.8,0
0.81111,0
0.82222,0
0.83333,0
0.84444,0
0.85556,0
0.86667,0
0.87778,0
0.88889,0
0.9,0
0.91111,0
0.92222,0
0.93333,0
0.94444,0
0.95556,0
0.96667,0
0.97778,0
0.98889,0
1,0
1.0111,0
1.0222,0
1.0333,0
1.0444,0
1.0556,0
1.0667,0
1.0778,0
1.0889,0
1.1,0
1.1111,0
1.1222,0
1.1333,0
1.1444,0
1.1556,0
1.1667,0
1.1778,0
1.1889,0
1.2,0
1.2111,0
1.2222,0
1.2333,0
1.2444,0
1.2556,0
1.2667,0
1.2778,0
1.2889,0
1.3,0
1.3111,0
1.3222,0
1.3333,0
1.3444,0
1.3556,0
1.3667,0
1.3778,0
1.3889,0
1.4,0
1.4111,0
1.4222,0
1.4333,0
1.4444,0
1.4556,0
1.4667,0
1.4778,0
1.4889,0
1.5,0
1.5111,0
1.5222,0
1.5333,0
1.5444,0
1.5556,0
1.5667,0
1.5778,0
1.5889,0
1.6,0
1.6111,0
1.6222,0
1.6333,0
1.6444,0
1.6556,0
1.6667,0
1.6778,0
1.6889,0
1.7,0
1.7111,0
1.7222,0
1.7333,0
1.7444,0
1.7556,0
1.7667,0
1.7778,0
1.7889,0
1.8,0
1.8111,0
1.8222,0
1.8333,0
1.8444,0
1.8556,0
1.8667,0
1.8778,0
1.8889,0
1.9,0
1.9111,0
1.9222,0
1.9333,0
1.9444,0
1.9556,0
1.9667,0
1.9778,0
1.9889,0
2,0
2.0111,0
2.0222,0
2.0333,0
2.0444,0
2.0556,1
2.0667,1
2.0778,1
2.0889,1
2.1,1
2.1111,1
2.1222,1
2.1333,1
2.1444,1
2.1556,1
2.1667,1
2.1778,1
2.1889,1
2.2,1
2.2111,1
2.2222,1
2.2333,1
2.2444,1
2.2556,1
2.2667,1
2.2778,1
2.2889,1
2.3,1
2.3111,1
2.3222,1
2.3333,1
2.3444,1
2.3556,1
2.3667,1
2.3778,1
2.3889,1
2.4,1
2.4111,1
2.4222,1
2.4333,1
2.4444,1
2.4556,1
2.4667,1
2.4778,1
2.4889,1
2.5,1
2.5111,1
2.5222,1
2.5333,1
2.5444,1
2.5556,1
2.5667,1
2.5778,1
2.5889,1
2.6,1
2.6111,1
2.6222,1
2.6333,1
2.6444,1
2.6556,1
2.6667,1
2.6778,1
2.6889,1
2.7,1
2.7111,1
2.7222,1
2.7333,1
2.7444,1
2.7556,1
2.7667,1
2.7778,1
2.7889,1
2.8,1
2.8111,1
2.8222,1
2.8333,1
2.8444,1
2.8556,1
2.8667,1
2.8778,1
2.8889,1
2.9,1
2.9111,0
2.9222,0
2.9333,0
2.9444,0
2.9556,0
2.9667,0
2.9778,0
2.9889,0
3,0
3.0111,0
3.0222,0
3.0333,0
3.0444,0
3.0556,0
3.0667,0
3.0778,0
3.0889,0
3.1,0
3.1111,0
3.1222,0
3.1333,0
3.1444,0
3.1556,0
3.1667,0
3.1778,0
3.1889,0
3.2,0
3.2111,0
3.2222,0
3.2333,0
3.2444,0
3.2556,0
3.2667,0
3.2778,0
3.2889,0
3.3,0
3.3111,0
3.3222,0
3.3333,0
3.3444,0
3.3556,0
3.3667,0
3.3778,0
3.3889,0
3.4,0
3.4111,0
3.4222,0
3.4333,0
3.4444,0
3.4556,0
3.4667,0
3.4778,0
3.4889,0
3.5,0
3.5111,0
3.5222,0
3.5333,0
3.5444,0
3.5556,0
3.5667,0
3.5778,0
3.5889,0
3.6,0
3.6111,0
3.6222,0
3.6333,0
3.6444,0
3.6556,0
3.6667,0
3.6778,0
3.6889,0
3.7,0
3.7111,0
3.7222,0
3.7333,0
3.7444,0
3.7556,0
3.7667,0
3.7778,0
3.7889,0
3.8,0
3.8111,0
3.8222,0
3.8333,0
3.8444,0
3.8556,0
3.8667,0
3.8778,0
3.8889,0
3.9,0
3.9111,0
3.9222,0
3.9333,0
3.9444,0
3.9556,0
3.9667,0
3.9778,0
3.9889,0
4,0
4.0111,0
4.0222,0
4.0333,0
4.0444,0
4.0556,0
4.0667,0
4.0778,0
4.0889,0
4.1,0
4.1111,0
4.1222,1
4.1333,1
4.1444,1
4.1556,1
4.1667,1
4.1778,1
4.1889,1
4.2,1
4.2111,1
4.2222,1
4.2333,1
4.2444,1
4.2556,1
4.2667,1
4.2778,1
4.2889,1
4.3,1
4.3111,1
4.3222,1
4.3333,1
4.3444,1
4.3556,1
4.3667,1
4.3778,1
4.3889,1
4.4,1
4.4111,1
4.4222,1
4.4333,1
4.4444,1
4.4556,1
4.4667,1
4.4778,1
4.4889,1
4.5,1
4.5111,1
4.5222,1
4.5333,1
4.5444,1
4.5556,1
4.5667,1
4.5778,1
4.5889,1
4.6,1
4.6111,1
4.6222,1
4.6333,1
4.6444,1
4.6556,1
4.6667,1
4.6778,1
4.6889,1
4.7,1
4.7111,1
4.7222,1
4.7333,1
4.7444,1
4.7556,1
4.7667,1
4.7778,1
4.7889,1
4.8,1
4.8111,1
4.8222,1
4.8333,1
4.8444,1
4.8556,1
4.8667,1
4.8778,1
4.8889,1
4.9,1
4.9111,1
4.9222,1
4.9333,1
4.9444,1
4.9556,1
4.9667,1
4.9778,1
4.9889,1
5,0
5.0111,0
5.0222,0
5.0333,0
5.0444,0
5.0556,0
5.0667,0
5.0778,0
5.0889,0
5.1,0
5.1111,0
5.1222,0
5.1333,0
5.1444,0
5.1556,0
5.1667,0
5.1778,0
5.1889,0
5.2,0
5.2111,0
5.2222,0
5.2333,0
5.2444,0
5.2556,0
5.2667,0
5.2778,0
5.2889,0
5.3,0
5.3111,0
5.3222,0
5.3333,0
5.3444,0
5.3556,0
5.3667,0
5.3778,0
5.3889,0
5.4,0
5.4111,0
5.4222,0
5.4333,0
5.4444,0
5.4556,0
5.4667,0
5.4778,0
5.4889,0
5.5,0
5.5111,0
5.5222,0
5.5333,0
5.5444,0
5.5556,0
5.5667,0
5.5778,0
5.5889,0
5.6,0
5.6111,0
5.6222,0
5.6333,0
5.6444,0
5.6556,0
5.6667,0
5.6778,0
5.6889,0
5.7,0
5.7111,0
5.7222,0
5.7333,0
5.7444,0
5.7556,0
5.7667,0
5.7778,0
5.7889,0
5.8,0
5.8111,0
5.8222,0
5.8333,0
5.8444,0
5.8556,0
5.8667,0
5.8778,0
5.8889,0
5.9,0
5.9111,0
5.9222,0
5.9333,0
5.9444,0
5.9556,0
5.9667,0
5.9778,0
5.9889,0
6,0
6.0111,0
6.0222,0
6.0333,0
6.0444,0
6.0556,0
6.0667,0
6.0778,0
6.0889,0
6.1,0
6.1111,0
6.1222,0
6.1333,0
6.1444,0
6.1556,1
6.1667,1
6.1778,1
6.1889,1
6.2,1
6.2111,1
6.2222,1
6.2333,1
6.2444,1
6.2556,1
6.2667,1
6.2778,1
6.2889,1
6.3,1
6.3111,1
6.3222,1
6.3333,1
6.3444,1
6.3556,1
6.3667,1
6.3778,1
6.3889,1
6.4,1
6.4111,1
6.4222,1
6.4333,1
6.4444,1
6.4556,1
6.4667,1
6.4778,1
6.4889,1
6.5,1
6.5111,1
6.5222,1
6.5333,1
6.5444,1
6.5556,1
6.5667,1
6.5778,1
6.5889,1
6.6,1
6.6111,1
6.6222,1
6.6333,1
6.6444,1
6.6556,1
6.6667,1
6.6778,1
6.6889,1
6.7,1
6.7111,1
6.7222,1
6.7333,1
6.7444,1
6.7556,1
6.7667,1
6.7778,1
6.7889,1
6.8,1
6.8111,1
6.8222,1
6.8333,1
6.8444,1
6.8556,1
6.8667,1
6.8778,1
6.8889,1
6.9,1
6.9111,1
6.9222,0
6.9333,0
6.9444,0
6.9556,0
6.9667,0
6.9778,0
6.9889,0
7,0
7.0111,0
7.0222,0
7.0333,0
7.0444,0
7.0556,0
7.0667,0
7.0778,0
7.0889,0
7.1,0
7.1111,0
7.1222,0
7.1333,0
7.1444,0
7.1556,0
7.1667,0
7.1778,0
7.1889,0
7.2,0
7.2111,0
7.2222,0
7.2333,0
7.2444,0
7.2556,0
7.2667,0
7.2778,0
7.2889,0
7.3,0
7.3111,0
7.3222,0
7.3333,0
7.3444,0
7.3556,0
7.3667,0
7.3778,0
7.3889,0
7.4,0
7.4111,0
7.4222,0
7.4333,0
7.4444,0
7.4556,0
7.4667,0
7.4778,0
7.4889,0
7.5,0
7.5111,0
7.5222,0
7.5333,0
7.5444,0
7.5556,0
7.5667,0
7.5778,0
7.5889,0
7.6,0
7.6111,0
7.6222,0
7.6333,0
7.6444,0
7.6556,0
7.6667,0
7.6778,0
7.6889,0
7.7,0
7.7111,0
7.7222,0
7.7333,0
7.7444,0
7.7556,0
7.7667,0
7.7778,0
7.7889,0
7.8,0
7.8111,0
7.8222,0
7.8333,0
7.8444,0
7.8556,0
7.8667,0
7.8778,0
7.8889,0
7.9,0
7.9111,0
7.9222,0
7.9333,0
7.9444,0
7.9556,0
7.9667,0
7.9778,0
7.9889,0
8,0
8.0111,0
8.0222,0
8.0333,0
8.0444,0
8.0556,1
8.0667,1
8.0778,1
8.0889,1
8.1,1
8.1111,1
8.1222,1
8.1333,1
8.1444,1
8.1556,1
8.1667,1
8.1778,1
8.1889,1
8.2,1
8.2111,1
8.2222,1
8.2333,1
8.2444,1
8.2556,1
8.2667,1
8.2778,1
8.2889,1
8.3,1
8.3111,1
8.3222,1
8.3333,1
8.3444,1
8.3556,1
8.3667,1
8.3778,1
8.3889,1
8.4,1
8.4111,1
8.4222,1
8.4333,1
8.4444,1
8.4556,1
8.4667,1
8.4778,1
8.4889,1
8.5,1
8.5111,1
8.5222,1
8.5333,1
8.5444,1
8.5556,1
8.5667,1
8.5778,1
8.5889,1
8.6,1
8.6111,1
8.6222,1
8.6333,1
8.6444,1
8.6556,1
8.6667,1
8.6778,1
8.6889,1
8.7,1
8.7111,1
8.7222,1
8.7333,1
8.7444,1
8.7556,1
8.7667,1
8.7778,1
8.7889,1
8.8,1
8.8111,1
8.8222,1
8.8333,1
8.8444,1
8.8556,1
8.8667,1
8.8778,1
8.8889,1
8.9,1
8.9111,1
8.9222,1
8.9333,0
8.9444,0
8.9556,0
8.9667,0
8.9778,0
8.9889,0
9,0
9.0111,0
9.0222,0
9.0333,0
9.0444,0
9.0556,0
9.0667,0
9.0778,0
9.0889,0
9.1,0
9.1111,0
9.1222,0
9.1333,0
9.1444,0
9.1556,0
9.1667,0
9.1778,0
9.1889,0
9.2,0
9.2111,0
9.2222,0
9.2333,0
9.2444,0
9.2556,0
9.2667,0
9.2778,0
9.2889,0
9.3,0
9.3111,0
9.3222,0
9.3333,0
9.3444,0
9.3556,0
9.3667,0
9.3778,0
9.3889,0
9.4,0
9.4111,0
9.4222,0
9.4333,0
9.4444,0
9.4556,0
9.4667,0
9.4778,0
9.4889,0
9.5,0
9.5111,0
9.5222,0
9.5333,0
9.5444,0
9.5556,0
9.5667,0
9.5778,0
9.5889,0
9.6,0
9.6111,0
9.6222,0
9.6333,0
9.6444,0
9.6556,0
9.6667,0
9.6778,0
9.6889,0
9.7,0
9.7111,0
9.7222,0
9.7333,0
9.7444,0
9.7556,0
9.7667,0
9.7778,0
9.7889,0
9.8,0
9.8111,0
9.8222,0
9.8333,0
9.8444,0
9.8556,0
9.8667,0
9.8778,0
9.8889,0
9.9,0
9.9111,0
9.9222,0
9.9333,0
9.9444,0
9.9556,0
9.9667,0
9.9778,0
9.9889,0
10,0
10.011,0
10.022,0
10.033,0
10.044,0
10.056,0
10.067,0
10.078,0
10.089,0
10.1,0
10.111,0
10.122,0
10.133,0
10.144,0
10.156,0
10.167,0
10.178,0
10.189,0
10.2,0
10.211,0
10.222,0
10.233,0
10.244,0
10.256,1
10.267,1
10.278,1
10.289,1
10.3,1
10.311,1
10.322,1
10.333,1
10.344,1
10.356,1
10.367,1
10.378,1
10.389,1
10.4,1
10.411,1
10.422,1
10.433,1
10.444,1
10.456,1
10.467,1
10.478,1
10.489,1
10.5,1
10.511,1
10.522,1
10.533,1
10.544,1
10.556,1
10.567,1
10.578,1
10.589,1
10.6,1
10.611,1
10.622,1
10.633,1
10.644,1
10.656,1
10.667,1
10.678,1
10.689,1
10.7,1
10.711,1
10.722,1
10.733,1
10.744,1
10.756,1
10.767,1
10.778,1
10.789,1
10.8,1
10.811,1
10.822,1
10.833,1
10.844,1
10.856,1
10.867,1
10.878,1
10.889,1
10.9,1
10.911,1
10.922,1
10.933,1
10.944,1
10.956,1
10.967,1
10.978,1
10.989,1
11,1
11.011,1
11.022,1
11.033,1
11.044,1
11.056,1
11.067,1
11.078,1
11.089,0
11.1,0
11.111,0
11.122,0
11.133,0
11.144,0
11.156,0
11.167,0
11.178,0
11.189,0
11.2,0
11.211,0
11.222,0
11.233,0
11.244,0
11.256,0
11.267,0
11.278,0
11.289,0
11.3,0
11.311,0
11.322,0
11.333,0
11.344,0
11.356,0
11.367,0
11.378,0
11.389,0
11.4,0
11.411,0
11.422,0
11.433,0
11.444,0
11.456,0
11.467,0
11.478,0
11.489,0
11.5,0
11.511,0
11.522,0
11.533,0
11.544,0
11.556,0
11.567,0
11.578,0
11.589,0
11.6,0
11.611,0
11.622,0
11.633,0
11.644,0
11.656,0
11.667,0
11.678,0
11.689,0
11.7,0
11.711,0
11.722,0
11.733,0
11.744,0
11.756,0
11.767,0
11.778,0
11.789,0
11.8,0
11.811,0
11.822,0
11.833,0
11.844,0
11.856,0
11.867,0
11.878,0
11.889,0
11.9,0
11.911,0
11.922,0
11.933,0
11.944,0
11.956,0
11.967,0
11.978,0
11.989,0
12,0
12.011,0
12.022,0
12.033,0
12.044,0
12.056,0
12.067,0
12.078,0
12.089,0
12.1,0
12.111,0
12.122,0
12.133,0
12.144,0
12.156,0
12.167,0
12.178,0
12.189,0
12.2,0
12.211,0
12.222,0
12.233,0
12.244,0
12.256,0
12.267,0
12.278,0
12.289,0
12.3,0
12.311,0
12.322,0
12.333,0
12.344,0
12.356,0
12.367,0
12.378,0
12.389,0
12.4,1
12.411,1
12.422,1
12.433,1
12.444,1
12.456,1
12.467,1
12.478,1
12.489,1
12.5,1
12.511,1
12.522,1
12.533,1
12.544,1
12.556,1
12.567,1
12.578,1
12.589,1
12.6,1
12.611,1
12.622,1
12.633,1
12.644,1
12.656,1
12.667,1
12.678,1
12.689,1
12.7,1
12.711,1
12.722,1
12.733,1
12.744,1
12.756,1
12.767,1
12.778,1
12.789,1
12.8,1
12.811,1
12.822,1
12.833,1
12.844,1
12.856,1
12.867,1
12.878,1
12.889,1
12.9,1
12.911,1
12.922,1
12.933,1
12.944,1
12.956,1
12.967,1
12.978,1
12.989,1
13,1
13.011,1
13.022,1
13.033,1
13.044,1
13.056,1
13.067,1
13.078,1
13.089,1
13.1,1
13.111,1
13.122,1
13.133,1
13.144,1
13.156,0
13.167,0
13.178,0
13.189,0
13.2,0
13.211,0
13.222,0
13.233,0
13.244,0
13.256,0
13.267,0
13.278,0
13.289,0
13.3,0
13.311,0
13.322,0
13.333,0
13.344,0
13.356,0
13.367,0
13.378,0
13.389,0
13.4,0
13.411,0
13.422,0
13.433,0
13.444,0
13.456,0
13.467,0
13.478,0
13.489,0
13.5,0
13.511,0
13.522,0
13.533,0
13.544,0
13.556,0
13.567,0
13.578,0
13.589,0
13.6,0
13.611,0
13.622,0
13.633,0
13.644,0
13.656,0
13.667,0
13.678,0
13.689,0
13.7,0
13.711,0
13.722,0
13.733,0
13.744,0
13.756,0
13.767,0
13.778,0
13.789,0
13.8,0
13.811,0
13.822,0
13.833,0
13.844,0
13.856,0
13.867,0
13.878,0
13.889,0
13.9,0
13.911,0
13.922,0
13.933,0
13.944,0
13.956,0
13.967,0
13.978,0
13.989,0
14,0
14.011,0
14.022,0
14.033,0
14.044,0
14.056,0
14.067,0
14.078,0
14.089,0
14.1,0
14.111,0
14.122,0
14.133,0
14.144,0
14.156,0
14.167,0
14.178,0
14.189,0
14.2,0
14.211,0
14.222,0
14.233,0
14.244,0
14.256,0
14.267,0
14.278,0
14.289,0
14.3,0
14.311,0
14.322,0
14.333,0
14.344,0
14.356,0
14.367,0
14.378,0
14.389,0
14.4,0
14.411,0
14.422,0
14.433,0
14.444,0
14.456,0
14.467,0
14.478,0
14.489,1
14.5,1
14.511,1
14.522,1
14.533,1
14.544,1
14.556,1
14.567,1
14.578,1
14.589,1
14.6,1
14.611,1
14.622,1
14.633,1
14.644,1
14.656,1
14.667,1
14.678,1
14.689,1
14.7,1
14.711,1
14.722,1
14.733,1
14.744,1
14.756,1
14.767,1
14.778,1
14.789,1
14.8,1
14.811,1
14.822,1
14.833,1
14.844,1
14.856,1
14.867,1
14.878,1
14.889,1
14.9,1
14.911,1
14.922,1
14.933,1
14.944,1
14.956,1
14.967,1
14.978,1
14.989,1
15,1
15.011,1
15.022,1
15.033,1
15.044,1
15.056,1
15.067,1
15.078,1
15.089,1
15.1,1
15.111,1
15.122,1
15.133,1
15.144,1
15.156,1
15.167,1
15.178,1
15.189,1
15.2,1
15.211,1
15.222,1
15.233,1
15.244,1
15.256,1
15.267,1
15.278,1
15.289,1
15.3,1
15.311,1
15.322,1
15.333,1
15.344,0
15.356,0
15.367,0
15.378,0
15.389,0
15.4,0
15.411,0
15.422,0
15.433,0
15.444,0
15.456,0
15.467,0
15.478,0
15.489,0
15.5,0
15.511,0
15.522,0
15.533,0
15.544,0
15.556,0
15.567,0
15.578,0
15.589,0
15.6,0
15.611,0
15.622,0
15.633,0
15.644,0
15.656,0
15.667,0
15.678,0
15.689,0
15.7,0
15.711,0
15.722,0
15.733,0
15.744,0
15.756,0
15.767,0
15.778,0
15.789,0
15.8,0
15.811,0
15.822,0
15.833,0
15.844,0
15.856,0
15.867,0
15.878,0
15.889,0
15.9,0
15.911,0
15.922,0
15.933,0
15.944,0
15.956,0
15.967,0
15.978,0
15.989,0
16,0
16.011,0
16.022,0
16.033,0
16.044,0
16.056,0
16.067,0
16.078,0
16.089,0
16.1,0
16.111,0
16.122,0
16.133,0
16.144,0
16.156,0
16.167,0
16.178,0
16.189,0
16.2,0
16.211,0
16.222,0
16.233,0
16.244,0
16.256,0
16.267,0
16.278,0
16.289,0
16.3,0
16.311,0
16.322,0
16.333,0
16.344,0
16.356,0
16.367,0
16.378,0
16.389,0
16.4,0
16.411,0
16.422,0
16.433,0
16.444,0
16.456,0
16.467,0
16.478,0
16.489,0
16.5,0
16.511,0
16.522,0
16.533,0
16.544,0
16.556,0
16.567,0
16.578,0
16.589,0
16.6,0
16.611,0
16.622,1
16.633,1
16.644,1
16.656,1
16.667,1
16.678,1
16.689,1
16.7,1
16.711,1
16.722,1
16.733,1
16.744,1
16.756,1
16.767,1
16.778,1
16.789,1
16.8,1
16.811,1
16.822,1
16.833,1
16.844,1
16.856,1
16.867,1
16.878,1
16.889,1
16.9,1
16.911,1
16.922,1
16.933,1
16.944,1
16.956,1
16.967,1
16.978,1
16.989,1
17,1
17.011,1
17.022,1
17.033,1
17.044,1
17.056,1
17.067,1
17.078,1
17.089,1
17.1,1
17.111,1
17.122,1
17.133,1
17.144,1
17.156,1
17.167,1
17.178,1
17.189,1
17.2,1
17.211,1
17.222,1
17.233,1
17.244,1
17.256,1
17.267,1
17.278,1
17.289,1
17.3,1
17.311,1
17.322,1
17.333,1
17.344,1
17.356,1
17.367,1
17.378,1
17.389,1
17.4,1
17.411,1
17.422,1
17.433,1
17.444,1
17.456,1
17.467,1
17.478,1
17.489,0
17.5,0
17.511,0
17.522,0
17.533,0
17.544,0
17.556,0
17.567,0
17.578,0
17.589,0
17.6,0
17.611,0
17.622,0
17.633,0
17.644,0
17.656,0
17.667,0
17.678,0
17.689,0
17.7,0
17.711,0
17.722,0
17.733,0
17.744,0
17.756,0
17.767,0
17.778,0
17.789,0
17.8,0
17.811,0
17.822,0
17.833,0
17.844,0
17.856,0
17.867,0
17.878,0
17.889,0
17.9,0
17.911,0
17.922,0
17.933,0
17.944,0
17.956,0
17.967,0
17.978,0
17.989,0
18,0
18.011,0
18.022,0
18.033,0
18.044,0
18.056,0
18.067,0
18.078,0
18.089,0
18.1,0
18.111,0
18.122,0
18.133,0
18.144,0
18.156,0
18.167,0
18.178,0
18.189,0
18.2,0
18.211,0
18.222,0
18.233,0
18.244,0
18.256,0
18.267,0
18.278,0
18.289,0
18.3,0
18.311,0
18.322,0
18.333,0
18.344,0
18.356,0
18.367,0
18.378,0
18.389,0
18.4,0
18.411,0
18.422,0
18.433,0
18.444,0
18.456,0
18.467,0
18.478,0
18.489,0
18.5,0
18.511,0
18.522,0
18.533,0
18.544,0
18.556,0
18.567,0
18.578,0
18.589,0
18.6,0
18.611,0
18.622,0
18.633,0
18.644,0
18.656,0
18.667,0
18.678,0
18.689,0
18.7,0
18.711,0
18.722,0
18.733,0
18.744,0
18.756,0
18.767,0
18.778,0
18.789,0
18.8,1
18.811,1
18.822,1
18.833,1
18.844,1
18.856,1
18.867,1
18.878,1
18.889,1
18.9,1
18.911,1
18.922,1
18.933,1
18.944,1
18.956,1
18.967,1
18.978,1
18.989,1
19,1
19.011,1
19.022,1
19.033,1
19.044,1
19.056,1
19.067,1
19.078,1
19.089,1
19.1,1
19.111,1
19.122,1
19.133,1
19.144,1
19.156,1
19.167,1
19.178,1
19.189,1
19.2,1
19.211,1
19.222,1
19.233,1
19.244,1
19.256,1
19.267,1
19.278,1
19.289,1
19.3,1
19.311,1
19.322,1
19.333,1
19.344,1
19.356,1
19.367,1
19.378,1
19.389,1
19.4,1
19.411,1
19.422,1
19.433,1
19.444,1
19.456,1
19.467,1
19.478,1
19.489,1
19.5,1
19.511,1
19.522,1
19.533,1
19.544,1
19.556,1
19.567,1
19.578,1
19.589,1
19.6,1
19.611,1
19.622,1
19.633,1
19.644,1
19.656,1
19.667,1
19.678,1
19.689,1
19.7,0
19.711,0
19.722,0
19.733,0
19.744,0
19.756,0
19.767,0
19.778,0
19.789,0
19.8,0
19.811,0
19.822,0
19.833,0
19.844,0
19.856,0
19.867,0
19.878,0
19.889,0
19.9,0
19.911,0
19.922,0
19.933,0
19.944,0
19.956,0
19.967,0
19.978,0
19.989,0
20,0
20.011,0
20.022,0
20.033,0
20.044,0
20.056,0
20.067,0
20.078,0
20.089,0
20.1,0
20.111,0
20.122,0
20.133,0
20.144,0
20.156,0
20.167,0
20.178,0
20.189,0
20.2,0
20.211,0
20.222,0
20.233,0
20.244,0
20.256,0
20.267,0
20.278,0
20.289,0
20.3,0
20.311,0
20.322,0
20.333,0
20.344,0
20.356,0
20.367,0
20.378,0
20.389,0
20.4,0
20.411,0
20.422,0
20.433,0
20.444,0
20.456,0
20.467,0
20.478,0
20.489,0
20.5,0
20.511,0
20.522,0
20.533,0
20.544,0
20.556,0
20.567,0
20.578,0
20.589,0
20.6,0
20.611,0
20.622,0
20.633,0
20.644,0
20.656,0
20.667,0
20.678,0
20.689,0
20.7,0
20.711,0
20.722,0
20.733,0
20.744,0
20.756,0
20.767,0
20.778,0
20.789,0
20.8,0
20.811,0
20.822,0
20.833,0
20.844,0
20.856,0
20.867,0
20.878,0
20.889,0
20.9,0
20.911,0
20.922,0
20.933,0
20.944,1
20.956,1
20.967,1
20.978,1
20.989,1
21,1
21.011,1
21.022,1
21.033,1
21.044,1
21.056,1
21.067,1
21.078,1
21.089,1
21.1,1
21.111,1
21.122,1
21.133,1
21.144,1
21.156,1
21.167,1
21.178,1
21.189,1
21.2,1
21.211,1
21.222,1
21.233,1
21.244,1
21.256,1
21.267,1
21.278,1
21.289,1
21.3,1
21.311,1
21.322,1
21.333,1
21.344,1
21.356,1
21.367,1
21.378,1
21.389,1
21.4,1
21.411,1
21.422,1
21.433,1
21.444,1
21.456,1
21.467,1
21.478,1
21.489,1
21.5,1
21.511,1
21.522,1
21.533,1
21.544,1
21.556,1
21.567,1
21.578,1
21.589,1
21.6,1
21.611,1
21.622,1
21.633,1
21.644,1
21.656,1
21.667,1
21.678,1
21.689,1
21.7,1
21.711,1
21.722,1
21.733,1
21.744,1
21.756,1
21.767,1
21.778,1
21.789,1
21.8,0
21.811,0
21.822,0
21.833,0
21.844,0
21.856,0
21.867,0
21.878,0
21.889,0
21.9,0
21.911,0
21.922,0
21.933,0
21.944,0
21.956,0
21.967,0
21.978,0
21.989,0
22,0
22.011,0
22.022,0
22.033,0
22.044,0
22.056,0
22.067,0
22.078,0
22.089,0
22.1,0
22.111,0
22.122,0
22.133,0
22.144,0
22.156,0
22.167,0
22.178,0
22.189,0
22.2,0
22.211,0
22.222,0
22.233,0
22.244,0
22.256,0
22.267,0
22.278,0
22.289,0
22.3,0
22.311,0
22.322,0
22.333,0
22.344,0
22.356,0
22.367,0
22.378,0
22.389,0
22.4,0
22.411,0
22.422,0
22.433,0
22.444,0
22.456,0
22.467,0
22.478,0
22.489,0
22.5,0
22.511,0
22.522,0
22.533,0
22.544,0
22.556,0
22.567,0
22.578,0
22.589,0
22.6,0
22.611,0
22.622,0
22.633,0
22.644,0
22.656,0
22.667,0
22.678,0
22.689,0
22.7,0
22.711,0
22.722,0
22.733,0
22.744,0
22.756,0
22.767,0
22.778,0
22.789,0
22.8,0
22.811,0
22.822,0
22.833,0
22.844,0
22.856,0
22.867,0
22.878,0
22.889,0
22.9,0
22.911,0
22.922,0
22.933,0
22.944,0
22.956,0
22.967,0
22.978,0
22.989,0
23,0
23.011,0
23.022,0
23.033,0
23.044,0
23.056,0
23.067,0
23.078,0
23.089,0
23.1,0
23.111,0
23.122,0
23.133,0
23.144,0
23.156,0
23.167,0
23.178,0
23.189,0
23.2,0
23.211,1
23.222,1
23.233,1
23.244,1
23.256,1
23.267,1
23.278,1
23.289,1
23.3,1
23.311,1
23.322,1
23.333,1
23.344,1
23.356,1
23.367,1
23.378,1
23.389,1
23.4,1
23.411,1
23.422,1
23.433,1
23.444,1
23.456,1
23.467,1
23.478,1
23.489,1
23.5,1
23.511,1
23.522,1
23.533,1
23.544,1
23.556,1
23.567,1
23.578,1
23.589,1
23.6,1
23.611,1
23.622,1
23.633,1
23.644,1
23.656,1
23.667,1
23.678,1
23.689,1
23.7,1
23.711,1
23.722,1
23.733,1
23.744,1
23.756,1
23.767,1
23.778,1
23.789,1
23.8,1
23.811,1
23.822,1
23.833,1
23.844,1
23.856,1
23.867,1
23.878,1
23.889,1
23.9,1
23.911,1
23.922,1
23.933,1
23.944,1
23.956,1
23.967,1
23.978,1
23.989,1
24,1
24.011,1
24.022,1
24.033,1
24.044,1
24.056,0
24.067,0
24.078,0
24.089,0
24.1,0
24.111,0
24.122,0
24.133,0
24.144,0
24.156,0
24.167,0
24.178,0
24.189,0
24.2,0
24.211,0
24.222,0
24.233,0
24.244,0
24.256,0
24.267,0
24.278,0
24.289,0
24.3,0
24.311,0
24.322,0
24.333,0
24.344,0
24.356,0
24.367,0
24.378,0
24.389,0
24.4,0
24.411,0
24.422,0
24.433,0
24.444,0
24.456,0
24.467,0
24.478,0
24.489,0
24.5,0
24.511,0
24.522,0
24.533,0
24.544,0
24.556,0
24.567,0
24.578,0
24.589,0
24.6,0
24.611,0
24.622,0
24.633,0
24.644,0
24.656,0
24.667,0
24.678,0
24.689,0
24.7,0
24.711,0
24.722,0
24.733,0
24.744,0
24.756,0
24.767,0
24.778,0
24.789,0
24.8,0
24.811,0
24.822,0
24.833,0
24.844,0
24.856,0
24.867,0
24.878,0
24.889,0
24.9,0
24.911,0
24.922,0
24.933,0
24.944,0
24.956,0
24.967,0
24.978,0
24.989,0
25,0
25.011,0
25.022,0
25.033,0
25.044,0
25.056,0
25.067,0
25.078,0
25.089,0
25.1,0
25.111,0
25.122,0
25.133,0
25.144,0
25.156,0
25.167,0
25.178,0
25.189,0
25.2,0
25.211,0
25.222,0
25.233,0
25.244,0
25.256,0
25.267,0
25.278,0
25.289,0
25.3,1
25.311,1
25.322,1
25.333,1
25.344,1
25.356,1
25.367,1
25.378,1
25.389,1
25.4,1
25.411,1
25.422,1
25.433,1
25.444,1
25.456,1
25.467,1
25.478,1
25.489,1
25.5,1
25.511,1
25.522,1
25.533,1
25.544,1
25.556,1
25.567,1
25.578,1
25.589,1
25.6,1
25.611,1
25.622,1
25.633,1
25.644,1
25.656,1
25.667,1
25.678,1
25.689,1
25.7,1
25.711,1
25.722,1
25.733,1
25.744,1
25.756,1
25.767,1
25.778,1
25.789,1
25.8,1
25.811,1
25.822,1
25.833,1
25.844,1
25.856,1
25.867,1
25.878,1
25.889,1
25.9,1
25.911,1
25.922,1
25.933,1
25.944,1
25.956,1
25.967,1
25.978,1
25.989,1
26,1
26.011,1
26.022,1
26.033,1
26.044,1
26.056,1
26.067,1
26.078,1
26.089,1
26.1,1
26.111,1
26.122,1
26.133,0
26.144,0
26.156,0
26.167,0
26.178,0
26.189,0
26.2,0
26.211,0
26.222,0
26.233,0
26.244,0
26.256,0
26.267,0
26.278,0
26.289,0
26.3,0
26.311,0
26.322,0
26.333,0
26.344,0
26.356,0
26.367,0
26.378,0
26.389,0
26.4,0
26.411,0
26.422,0
26.433,0
26.444,0
26.456,0
26.467,0
26.478,0
26.489,0
26.5,0
26.511,0
26.522,0
26.533,0
26.544,0
26.556,0
26.567,0
26.578,0
26.589,0
26.6,0
26.611,0
26.622,0
26.633,0
26.644,0
26.656,0
26.667,0
26.678,0
26.689,0
26.7,0
26.711,0
26.722,0
26.733,0
26.744,0
26.756,0
26.767,0
26.778,0
26.789,0
26.8,0
26.811,0
26.822,0
26.833,0
26.844,0
26.856,0
26.867,0
26.878,0
26.889,0
26.9,0
26.911,0
26.922,0
26.933,0
26.944,0
26.956,0
26.967,0
26.978,0
26.989,0
27,0
27.011,0
27.022,0
27.033,0
27.044,0
27.056,0
27.067,0
27.078,0
27.089,0
27.1,0
27.111,0
27.122,0
27.133,0
27.144,0
27.156,0
27.167,0
27.178,0
27.189,0
27.2,0
27.211,0
27.222,0
27.233,0
27.244,0
27.256,0
27.267,0
27.278,0
27.289,0
27.3,0
27.311,0
27.322,0
27.333,0
27.344,0
27.356,0
27.367,0
27.378,0
27.389,0
27.4,0
27.411,0
27.422,0
27.433,0
27.444,0
27.456,0
27.467,0
27.478,0
27.489,0
27.5,0
27.511,0
27.522,0
27.533,1
27.544,1
27.556,1
27.567,1
27.578,1
27.589,1
27.6,1
27.611,1
27.622,1
27.633,1
27.644,1
27.656,1
27.667,1
27.678,1
27.689,1
27.7,1
27.711,1
27.722,1
27.733,1
27.744,1
27.756,1
27.767,1
27.778,1
27.789,1
27.8,1
27.811,1
27.822,1
27.833,1
27.844,1
27.856,1
27.867,1
27.878,1
27.889,1
27.9,1
27.911,1
27.922,1
27.933,1
27.944,1
27.956,1
27.967,1
27.978,1
27.989,1
28,1
28.011,1
28.022,1
28.033,1
28.044,1
28.056,1
28.067,1
28.078,1
28.089,1
28.1,1
28.111,1
28.122,1
28.133,1
28.144,1
28.156,1
28.167,1
28.178,1
28.189,1
28.2,1
28.211,1
28.222,1
28.233,1
28.244,1
28.256,1
28.267,1
28.278,1
28.289,1
28.3,1
28.311,1
28.322,1
28.333,1
28.344,1
28.356,1
28.367,1
28.378,1
28.389,1
28.4,1
28.411,1
28.422,1
28.433,1
28.444,0
28.456,0
28.467,0
28.478,0
28.489,0
28.5,0
28.511,0
28.522,0
28.533,0
28.544,0
28.556,0
28.567,0
28.578,0
28.589,0
28.6,0
28.611,0
28.622,0
28.633,0
28.644,0
28.656,0
28.667,0
28.678,0
28.689,0
28.7,0
28.711,0
28.722,0
28.733,0
28.744,0
28.756,0
28.767,0
28.778,0
28.789,0
28.8,0
28.811,0
28.822,0
28.833,0
28.844,0
28.856,0
28.867,0
28.878,0
28.889,0
28.9,0
28.911,0
28.922,0
28.933,0
28.944,0
28.956,0
28.967,0
28.978,0
28.989,0
29,0
29.011,0
29.022,0
29.033,0
29.044,0
29.056,0
29.067,0
29.078,0
29.089,0
29.1,0
29.111,0
29.122,0
29.133,0
29.144,0
29.156,0
29.167,0
29.178,0
29.189,0
29.2,0
29.211,0
29.222,0
29.233,0
29.244,0
29.256,0
29.267,0
29.278,0
29.289,0
29.3,0
29.311,0
29.322,0
29.333,0
29.344,0
29.356,0
29.367,0
29.378,0
29.389,0
29.4,0
29.411,0
29.422,0
29.433,0
29.444,0
29.456,0
29.467,0
29.478,0
29.489,0
29.5,0
29.511,0
29.522,0
29.533,0
29.544,0
29.556,0
29.567,0
29.578,0
29.589,0
29.6,0
29.611,0
29.622,0
29.633,0
29.644,1
29.656,1
29.667,1
29.678,1
29.689,1
29.7,1
29.711,1
29.722,1
29.733,1
29.744,1
29.756,1
29.767,1
29.778,1
29.789,1
29.8,1
29.811,1
29.822,1
29.833,1
29.844,1
29.856,1
29.867,1
29.878,1
29.889,1
29.9,1
29.911,1
29.922,1
29.933,1
29.944,1
29.956,1
29.967,1
29.978,1
29.989,1
30,1
30.011,1
30.022,1
30.033,1
30.044,1
30.056,1
30.067,1
30.078,1
30.089,1
30.1,1
30.111,1
30.122,1
30.133,1
30.144,1
30.156,1
30.167,1
30.178,1
30.189,1
30.2,1
30.211,1
30.222,1
30.233,1
30.244,1
30.256,1
30.267,1
30.278,1
30.289,1
30.3,1
30.311,1
30.322,1
30.333,1
30.344,1
30.356,1
30.367,1
30.378,1
30.389,1
30.4,1
30.411,1
30.422,1
30.433,1
30.444,1
30.456,1
30.467,1
30.478,1
30.489,1
30.5,1
30.511,0
30.522,0
30.533,0
30.544,0
30.556,0
30.567,0
30.578,0
30.589,0
30.6,0
30.611,0
30.622,0
30.633,0
30.644,0
30.656,0
30.667,0
30.678,0
30.689,0
30.7,0
30.711,0
30.722,0
30.733,0
30.744,0
30.756,0
30.767,0
30.778,0
30.789,0
30.8,0
30.811,0
30.822,0
30.833,0
30.844,0
30.856,0
30.867,0
30.878,0
30.889,0
30.9,0
30.911,0
30.922,0
30.933,0
30.944,0
30.956,0
30.967,0
30.978,0
30.989,0
31,0
31.011,0
31.022,0
31.033,0
31.044,0
31.056,0
31.067,0
31.078,0
31.089,0
31.1,0
31.111,0
31.122,0
31.133,0
31.144,0
31.156,0
31.167,0
31.178,0
31.189,0
31.2,0
31.211,0
31.222,0
31.233,0
31.244,0
31.256,0
31.267,0
31.278,0
31.289,0
31.3,0
31.311,0
31.322,0
31.333,0
31.344,0
31.356,0
31.367,0
31.378,0
31.389,0
31.4,0
31.411,0
31.422,0
31.433,0
31.444,0
31.456,0
31.467,0
31.478,0
31.489,0
31.5,0
31.511,0
31.522,0
31.533,0
31.544,1
31.556,1
31.567,1
31.578,1
31.589,1
31.6,1
31.611,1
31.622,1
31.633,1
31.644,1
31.656,1
31.667,1
31.678,1
31.689,1
31.7,1
31.711,1
31.722,1
31.733,1
31.744,1
31.756,1
31.767,1
31.778,1
31.789,1
31.8,1
31.811,1
31.822,1
31.833,1
31.844,1
31.856,1
31.867,1
31.878,1
31.889,1
31.9,1
31.911,1
31.922,1
31.933,1
31.944,1
31.956,1
31.967,1
31.978,1
31.989,1
32,1
32.011,1
32.022,1
32.033,1
32.044,1
32.056,1
32.067,1
32.078,1
32.089,1
32.1,1
32.111,1
32.122,1
32.133,1
32.144,1
32.156,1
32.167,1
32.178,1
32.189,1
32.2,1
32.211,1
32.222,1
32.233,1
32.244,1
32.256,1
32.267,1
32.278,1
32.289,1
32.3,1
32.311,1
32.322,1
32.333,1
32.344,1
32.356,1
32.367,1
32.378,1
32.389,0
32.4,0
32.411,0
32.422,0
32.433,0
32.444,0
32.456,0
32.467,0
32.478,0
32.489,0
32.5,0
32.511,0
32.522,0
32.533,0
32.544,0
32.556,0
32.567,0
32.578,0
32.589,0
32.6,0
32.611,0
32.622,0
32.633,0
32.644,0
32.656,0
32.667,0
32.678,0
32.689,0
32.7,0
32.711,0
32.722,0
32.733,0
32.744,0
32.756,0
32.767,0
32.778,0
32.789,0
32.8,0
32.811,0
32.822,0
32.833,0
32.844,0
32.856,0
32.867,0
32.878,0
32.889,0
32.9,0
32.911,0
32.922,0
32.933,0
32.944,0
32.956,0
32.967,0
32.978,0
32.989,0
33,0
33.011,0
33.022,0
33.033,0
33.044,0
33.056,0
33.067,0
33.078,0
33.089,0
33.1,0
33.111,0
33.122,0
33.133,0
33.144,0
33.156,0
33.167,0
33.178,0
33.189,0
33.2,0
33.211,0
33.222,0
33.233,0
33.244,0
33.256,0
33.267,0
33.278,0
33.289,0
33.3,0
33.311,0
33.322,0
33.333,0
33.344,0
33.356,0
33.367,0
33.378,0
33.389,0
33.4,0
33.411,0
33.422,0
33.433,0
33.444,0
33.456,0
33.467,0
33.478,0
33.489,0
33.5,0
33.511,0
33.522,0
33.533,0
33.544,0
33.556,0
33.567,0
33.578,0
33.589,0
33.6,0
33.611,0
33.622,0
33.633,0
33.644,0
33.656,0
33.667,0
33.678,0
33.689,1
33.7,1
33.711,1
33.722,1
33.733,1
33.744,1
33.756,1
33.767,1
33.778,1
33.789,1
33.8,1
33.811,1
33.822,1
33.833,1
33.844,1
33.856,1
33.867,1
33.878,1
33.889,1
33.9,1
33.911,1
33.922,1
33.933,1
33.944,1
33.956,1
33.967,1
33.978,1
33.989,1
34,1
34.011,1
34.022,1
34.033,1
34.044,1
34.056,1
34.067,1
34.078,1
34.089,1
34.1,1
34.111,1
34.122,1
34.133,1
34.144,1
34.156,1
34.167,1
34.178,1
34.189,1
34.2,1
34.211,1
34.222,1
34.233,1
34.244,1
34.256,1
34.267,1
34.278,1
34.289,1
34.3,1
34.311,1
34.322,1
34.333,1
34.344,1
34.356,1
34.367,1
34.378,1
34.389,1
34.4,1
34.411,1
34.422,1
34.433,1
34.444,0
34.456,0
34.467,0
34.478,0
34.489,0
34.5,0
34.511,0
34.522,0
34.533,0
34.544,0
34.556,0
34.567,0
34.578,0
34.589,0
34.6,0
34.611,0
34.622,0
34.633,0
34.644,0
34.656,0
34.667,0
34.678,0
34.689,0
34.7,0
34.711,0
34.722,0
34.733,0
34.744,0
34.756,0
34.767,0
34.778,0
34.789,0
34.8,0
34.811,0
34.822,0
34.833,0
34.844,0
34.856,0
34.867,0
34.878,0
34.889,0
34.9,0
34.911,0
34.922,0
34.933,0
34.944,0
34.956,0
34.967,0
34.978,0
34.989,0
35,0
35.011,0
35.022,0
35.033,0
35.044,0
35.056,0
35.067,0
35.078,0
35.089,0
35.1,0
35.111,0
35.122,0
35.133,0
35.144,0
35.156,0
35.167,0
35.178,0
35.189,0
35.2,0
35.211,0
35.222,0
35.233,0
35.244,0
35.256,0
35.267,0
35.278,0
35.289,0
35.3,0
35.311,0
35.322,0
35.333,0
35.344,0
35.356,0
35.367,0
35.378,0
35.389,0
35.4,0
35.411,0
35.422,0
35.433,0
35.444,0
35.456,0
35.467,0
35.478,0
35.489,0
35.5,0
35.511,0
35.522,0
35.533,0
35.544,0
35.556,0
35.567,0
35.578,0
35.589,0
35.6,0
35.611,0
35.622,0
35.633,0
35.644,0
35.656,0
35.667,0
35.678,0
35.689,0
35.7,0
35.711,0
35.722,1
35.733,1
35.744,1
35.756,1
35.767,1
35.778,1
35.789,1
35.8,1
35.811,1
35.822,1
35.833,1
35.844,1
35.856,1
35.867,1
35.878,1
35.889,1
35.9,1
35.911,1
35.922,1
35.933,1
35.944,1
35.956,1
35.967,1
35.978,1
35.989,1
36,1
36.011,1
36.022,1
36.033,1
36.044,1
36.056,1
36.067,1
36.078,1
36.089,1
36.1,1
36.111,1
36.122,1
36.133,1
36.144,1
36.156,1
36.167,1
36.178,1
36.189,1
36.2,1
36.211,1
36.222,1
36.233,1
36.244,1
36.256,1
36.267,1
36.278,1
36.289,1
36.3,1
36.311,1
36.322,1
36.333,1
36.344,1
36.356,1
36.367,1
36.378,1
36.389,1
36.4,1
36.411,1
36.422,1
36.433,1
36.444,1
36.456,1
36.467,1
36.478,1
36.489,1
36.5,1
36.511,1
36.522,0
36.533,0
36.544,0
36.556,0
36.567,0
36.578,0
36.589,0
36.6,0
36.611,0
36.622,0
36.633,0
36.644,0
36.656,0
36.667,0
36.678,0
36.689,0
36.7,0
36.711,0
36.722,0
36.733,0
36.744,0
36.756,0
36.767,0
36.778,0
36.789,0
36.8,0
36.811,0
36.822,0
36.833,0
36.844,0
36.856,0
36.867,0
36.878,0
36.889,0
36.9,0
36.911,0
36.922,0
36.933,0
36.944,0
36.956,0
36.967,0
36.978,0
36.989,0
37,0
37.011,0
37.022,0
37.033,0
37.044,0
37.056,0
37.067,0
37.078,0
37.089,0
37.1,0
37.111,0
37.122,0
37.133,0
37.144,0
37.156,0
37.167,0
37.178,0
37.189,0
37.2,0
37.211,0
37.222,0
37.233,0
37.244,0
37.256,0
37.267,0
37.278,0
37.289,0
37.3,0
37.311,0
37.322,0
37.333,0
37.344,0
37.356,0
37.367,0
37.378,0
37.389,0
37.4,0
37.411,0
37.422,0
37.433,0
37.444,0
37.456,0
37.467,0
37.478,0
37.489,0
37.5,0
37.511,0
37.522,0
37.533,0
37.544,0
37.556,0
37.567,0
37.578,0
37.589,0
37.6,0
37.611,1
37.622,1
37.633,1
37.644,1
37.656,1
37.667,1
37.678,1
37.689,1
37.7,1
37.711,1
37.722,1
37.733,1
37.744,1
37.756,1
37.767,1
37.778,1
37.789,1
37.8,1
37.811,1
37.822,1
37.833,1
37.844,1
37.856,1
37.867,1
37.878,1
37.889,1
37.9,1
37.911,1
37.922,1
37.933,1
37.944,1
37.956,1
37.967,1
37.978,1
37.989,1
38,1
38.011,1
38.022,1
38.033,1
38.044,1
38.056,1
38.067,1
38.078,1
38.089,1
38.1,1
38.111,1
38.122,1
38.133,1
38.144,1
38.156,1
38.167,1
38.178,1
38.189,1
38.2,1
38.211,1
38.222,1
38.233,1
38.244,1
38.256,1
38.267,1
38.278,1
38.289,1
38.3,1
38.311,1
38.322,1
38.333,1
38.344,1
38.356,1
38.367,1
38.378,0
38.389,0
38.4,0
38.411,0
38.422,0
38.433,0
38.444,0
38.456,0
38.467,0
38.478,0
38.489,0
38.5,0
38.511,0
38.522,0
38.533,0
38.544,0
38.556,0
38.567,0
38.578,0
38.589,0
38.6,0
38.611,0
38.622,0
38.633,0
38.644,0
38.656,0
38.667,0
38.678,0
38.689,0
38.7,0
38.711,0
38.722,0
38.733,0
38.744,0
38.756,0
38.767,0
38.778,0
38.789,0
38.8,0
38.811,0
38.822,0
38.833,0
38.844,0
38.856,0
38.867,0
38.878,0
38.889,0
38.9,0
38.911,0
38.922,0
38.933,0
38.944,0
38.956,0
38.967,0
38.978,0
38.989,0
39,0
39.011,0
39.022,0
39.033,0
39.044,0
39.056,0
39.067,0
39.078,0
39.089,0
39.1,0
39.111,0
39.122,0
39.133,0
39.144,0
39.156,0
39.167,0
39.178,0
39.189,0
39.2,0
39.211,0
39.222,0
39.233,0
39.244,0
39.256,0
39.267,0
39.278,0
39.289,0
39.3,0
39.311,0
39.322,0
39.333,0
39.344,0
39.356,0
39.367,0
39.378,0
39.389,0
39.4,0
39.411,0
39.422,0
39.433,0
39.444,0
39.456,0
39.467,0
39.478,0
39.489,0
39.5,0
39.511,0
39.522,0
39.533,0
39.544,0
39.556,0
39.567,0
39.578,0
39.589,0
39.6,0
39.611,0
39.622,0
39.633,0
39.644,0
39.656,0
39.667,1
39.678,1
39.689,1
39.7,1
39.711,1
39.722,1
39.733,1
39.744,1
39.756,1
39.767,1
39.778,1
39.789,1
39.8,1
39.811,1
39.822,1
39.833,1
39.844,1
39.856,1
39.867,1
39.878,1
39.889,1
39.9,1
39.911,1
39.922,1
39.933,1
39.944,1
39.956,1
39.967,1
39.978,1
39.989,1
40,1
40.011,1
40.022,1
40.033,1
40.044,1
40.056,1
40.067,1
40.078,1
40.089,1
40.1,1
40.111,1
40.122,1
40.133,1
40.144,1
40.156,1
40.167,1
40.178,1
40.189,1
40.2,1
40.211,1
40.222,1
40.233,1
40.244,1
40.256,1
40.267,1
40.278,1
40.289,1
40.3,1
40.311,1
40.322,1
40.333,1
40.344,1
40.356,1
40.367,1
40.378,1
40.389,1
40.4,1
40.411,1
40.422,1
40.433,1
40.444,1
40.456,1
40.467,1
40.478,0
40.489,0
40.5,0
40.511,0
40.522,0
40.533,0
40.544,0
40.556,0
40.567,0
40.578,0
40.589,0
40.6,0
40.611,0
40.622,0
40.633,0
40.644,0
40.656,0
40.667,0
40.678,0
40.689,0
40.7,0
40.711,0
40.722,0
40.733,0
40.744,0
40.756,0
40.767,0
40.778,0
40.789,0
40.8,0
40.811,0
40.822,0
40.833,0
40.844,0
40.856,0
40.867,0
40.878,0
40.889,0
40.9,0
40.911,0
40.922,0
40.933,0
40.944,0
40.956,0
40.967,0
40.978,0
40.989,0
41,0
41.011,0
41.022,0
41.033,0
41.044,0
41.056,0
41.067,0
41.078,0
41.089,0
41.1,0
41.111,0
41.122,0
41.133,0
41.144,0
41.156,0
41.167,0
41.178,0
41.189,0
41.2,0
41.211,0
41.222,0
41.233,0
41.244,0
41.256,0
41.267,0
41.278,0
41.289,0
41.3,0
41.311,0
41.322,0
41.333,0
41.344,0
41.356,0
41.367,0
41.378,0
41.389,0
41.4,0
41.411,0
41.422,0
41.433,0
41.444,0
41.456,0
41.467,0
41.478,0
41.489,0
41.5,0
41.511,0
41.522,0
41.533,0
41.544,0
41.556,0
41.567,0
41.578,1
41.589,1
41.6,1
41.611,1
41.622,1
41.633,1
41.644,1
41.656,1
41.667,1
41.678,1
41.689,1
41.7,1
41.711,1
41.722,1
41.733,1
41.744,1
41.756,1
41.767,1
41.778,1
41.789,1
41.8,1
41.811,1
41.822,1
41.833,1
41.844,1
41.856,1
41.867,1
41.878,1
41.889,1
41.9,1
41.911,1
41.922,1
41.933,1
41.944,1
41.956,1
41.967,1
41.978,1
41.989,1
42,1
42.011,1
42.022,1
42.033,1
42.044,1
42.056,1
42.067,1
42.078,1
42.089,1
42.1,1
42.111,1
42.122,1
42.133,1
42.144,1
42.156,1
42.167,1
42.178,1
42.189,1
42.2,1
42.211,1
42.222,1
42.233,1
42.244,1
42.256,1
42.267,1
42.278,1
42.289,1
42.3,1
42.311,1
42.322,1
42.333,1
42.344,1
42.356,1
42.367,1
42.378,1
42.389,1
42.4,1
42.411,1
42.422,1
42.433,1
42.444,1
42.456,1
42.467,1
42.478,1
42.489,1
42.5,1
42.511,1
42.522,1
42.533,1
42.544,1
42.556,1
42.567,1
42.578,1
42.589,1
42.6,1
42.611,0
42.622,0
42.633,0
42.644,0
42.656,0
42.667,0
42.678,0
42.689,0
42.7,0
42.711,0
42.722,0
42.733,0
42.744,0
42.756,0
42.767,0
42.778,0
42.789,0
42.8,0
42.811,0
42.822,0
42.833,0
42.844,0
42.856,0
42.867,0
42.878,0
42.889,0
42.9,0
42.911,0
42.922,0
42.933,0
42.944,0
42.956,0
42.967,0
42.978,0
42.989,0
43,0
43.011,0
43.022,0
43.033,0
43.044,0
43.056,0
43.067,0
43.078,0
43.089,0
43.1,0
43.111,0
43.122,0
43.133,0
43.144,0
43.156,0
43.167,0
43.178,0
43.189,0
43.2,0
43.211,0
43.222,0
43.233,0
43.244,0
43.256,0
43.267,0
43.278,0
43.289,0
43.3,0
43.311,0
43.322,0
43.333,0
43.344,0
43.356,0
43.367,0
43.378,0
43.389,0
43.4,0
43.411,0
43.422,0
43.433,0
43.444,0
43.456,0
43.467,0
43.478,0
43.489,0
43.5,0
43.511,0
43.522,0
43.533,0
43.544,0
43.556,0
43.567,0
43.578,0
43.589,0
43.6,0
43.611,0
43.622,0
43.633,0
43.644,0
43.656,0
43.667,0
43.678,0
43.689,0
43.7,0
43.711,0
43.722,0
43.733,0
43.744,0
43.756,0
43.767,0
43.778,0
43.789,0
43.8,0
43.811,0
43.822,0
43.833,0
43.844,0
43.856,0
43.867,1
43.878,1
43.889,1
43.9,1
43.911,1
43.922,1
43.933,1
43.944,1
43.956,1
43.967,1
43.978,1
43.989,1
44,1
44.011,1
44.022,1
44.033,1
44.044,1
44.056,1
44.067,1
44.078,1
44.089,1
44.1,1
44.111,1
44.122,1
44.133,1
44.144,1
44.156,1
44.167,1
44.178,1
44.189,1
44.2,1
44.211,1
44.222,1
44.233,1
44.244,1
44.256,1
44.267,1
44.278,1
44.289,1
44.3,1
44.311,1
44.322,1
44.333,1
44.344,1
44.356,1
44.367,1
44.378,1
44.389,1
44.4,1
44.411,1
44.422,1
44.433,1
44.444,1
44.456,1
44.467,1
44.478,1
44.489,1
44.5,1
44.511,1
44.522,1
44.533,1
44.544,1
44.556,1
44.567,1
44.578,1
44.589,1
44.6,1
44.611,1
44.622,1
44.633,1
44.644,1
44.656,1
44.667,1
44.678,1
44.689,1
44.7,1
44.711,1
44.722,1
44.733,1
44.744,1
44.756,1
44.767,1
44.778,1
44.789,1
44.8,1
44.811,1
44.822,1
44.833,1
44.844,1
44.856,1
44.867,1
44.878,1
44.889,0
44.9,0
44.911,0
44.922,0
44.933,0
44.944,0
44.956,0
44.967,0
44.978,0
44.989,0
45,0
45.011,0
45.022,0
45.033,0
45.044,0
45.056,0
45.067,0
45.078,0
45.089,0
45.1,0
45.111,0
45.122,0
45.133,0
45.144,0
45.156,0
45.167,0
45.178,0
45.189,0
45.2,0
45.211,0
45.222,0
45.233,0
45.244,0
45.256,0
45.267,0
45.278,0
45.289,0
45.3,0
45.311,0
45.322,0
45.333,0
45.344,0
45.356,0
45.367,0
45.378,0
45.389,0
45.4,0
45.411,0
45.422,0
45.433,0
45.444,0
45.456,0
45.467,0
45.478,0
45.489,0
45.5,0
45.511,0
45.522,0
45.533,0
45.544,0
45.556,0
45.567,0
45.578,0
45.589,0
45.6,0
45.611,0
45.622,0
45.633,0
45.644,0
45.656,0
45.667,0
45.678,0
45.689,0
45.7,0
45.711,0
45.722,0
45.733,0
45.744,0
45.756,0
45.767,0
45.778,0
45.789,0
45.8,0
45.811,0
45.822,0
45.833,0
45.844,0
45.856,0
45.867,0
45.878,0
45.889,0
45.9,0
45.911,0
45.922,1
45.933,1
45.944,1
45.956,1
45.967,1
45.978,1
45.989,1
46,1
46.011,1
46.022,1
46.033,1
46.044,1
46.056,1
46.067,1
46.078,1
46.089,1
46.1,1
46.111,1
46.122,1
46.133,1
46.144,1
46.156,1
46.167,1
46.178,1
46.189,1
46.2,1
46.211,1
46.222,1
46.233,1
46.244,1
46.256,1
46.267,1
46.278,1
46.289,1
46.3,1
46.311,1
46.322,1
46.333,1
46.344,1
46.356,1
46.367,1
46.378,1
46.389,1
46.4,1
46.411,1
46.422,1
46.433,1
46.444,1
46.456,1
46.467,1
46.478,1
46.489,1
46.5,1
46.511,1
46.522,1
46.533,1
46.544,1
46.556,1
46.567,1
46.578,1
46.589,1
46.6,1
46.611,1
46.622,1
46.633,1
46.644,1
46.656,1
46.667,1
46.678,1
46.689,1
46.7,1
46.711,1
46.722,1
46.733,1
46.744,1
46.756,1
46.767,1
46.778,1
46.789,1
46.8,1
46.811,1
46.822,1
46.833,1
46.844,1
46.856,1
46.867,1
46.878,1
46.889,1
46.9,1
46.911,1
46.922,1
46.933,1
46.944,1
46.956,1
46.967,1
46.978,1
46.989,1
47,0
47.011,0
47.022,0
47.033,0
47.044,0
47.056,0
47.067,0
47.078,0
47.089,0
47.1,0
47.111,0
47.122,0
47.133,0
47.144,0
47.156,0
47.167,0
47.178,0
47.189,0
47.2,0
47.211,0
47.222,0
47.233,0
47.244,0
47.256,0
47.267,0
47.278,0
47.289,0
47.3,0
47.311,0
47.322,0
47.333,0
47.344,0
47.356,0
47.367,0
47.378,0
47.389,0
47.4,0
47.411,0
47.422,0
47.433,0
47.444,0
47.456,0
47.467,0
47.478,0
47.489,0
47.5,0
47.511,0
47.522,0
47.533,0
47.544,0
47.556,0
47.567,0
47.578,0
47.589,0
47.6,0
47.611,0
47.622,0
47.633,0
47.644,0
47.656,0
47.667,0
47.678,0
47.689,0
47.7,0
47.711,0
47.722,0
47.733,0
47.744,0
47.756,0
47.767,0
47.778,0
47.789,0
47.8,0
47.811,0
47.822,0
47.833,0
47.844,0
47.856,0
47.867,0
47.878,0
47.889,0
47.9,0
47.911,0
47.922,0
47.933,0
47.944,0
47.956,0
47.967,0
47.978,0
47.989,0
48,0
48.011,0
48.022,0
48.033,0
48.044,0
48.056,0
48.067,0
48.078,0
48.089,0
48.1,0
48.111,0
48.122,0
48.133,0
48.144,0
48.156,0
48.167,0
48.178,0
48.189,0
48.2,0
48.211,0
48.222,0
48.233,0
48.244,1
48.256,1
48.267,1
48.278,1
48.289,1
48.3,1
48.311,1
48.322,1
48.333,1
48.344,1
48.356,1
48.367,1
48.378,1
48.389,1
48.4,1
48.411,1
48.422,1
48.433,1
48.444,1
48.456,1
48.467,1
48.478,1
48.489,1
48.5,1
48.511,1
48.522,1
48.533,1
48.544,1
48.556,1
48.567,1
48.578,1
48.589,1
48.6,1
48.611,1
48.622,1
48.633,1
48.644,1
48.656,1
48.667,1
48.678,1
48.689,1
48.7,1
48.711,1
48.722,1
48.733,1
48.744,1
48.756,1
48.767,1
48.778,1
48.789,1
48.8,1
48.811,1
48.822,1
48.833,1
48.844,1
48.856,1
48.867,1
48.878,1
48.889,1
48.9,1
48.911,1
48.922,1
48.933,1
48.944,1
48.956,1
48.967,1
48.978,1
48.989,1
49,1
49.011,1
49.022,1
49.033,1
49.044,1
49.056,1
49.067,1
49.078,1
49.089,1
49.1,1
49.111,1
49.122,1
49.133,1
49.144,1
49.156,1
49.167,0
49.178,0
49.189,0
49.2,0
49.211,0
49.222,0
49.233,0
49.244,0
49.256,0
49.267,0
49.278,0
49.289,0
49.3,0
49.311,0
49.322,0
49.333,0
49.344,0
49.356,0
49.367,0
49.378,0
49.389,0
49.4,0
49.411,0
49.422,0
49.433,0
49.444,0
49.456,0
49.467,0
49.478,0
49.489,0
49.5,0
49.511,0
49.522,0
49.533,0
49.544,0
49.556,0
49.567,0
49.578,0
49.589,0
49.6,0
49.611,0
49.622,0
49.633,0
49.644,0
49.656,0
49.667,0
49.678,0
49.689,0
49.7,0
49.711,0
49.722,0
49.733,0
49.744,0
49.756,0
49.767,0
49.778,0
49.789,0
49.8,0
49.811,0
49.822,0
49.833,0
49.844,0
49.856,0
49.867,0
49.878,0
49.889,0
49.9,0
49.911,0
49.922,0
49.933,0
49.944,0
49.956,0
49.967,0
49.978,0
49.989,0
50,0
50.011,0
50.022,0
50.033,0
50.044,0
50.056,0
50.067,0
50.078,0
50.089,0
50.1,0
50.111,0
50.122,0
50.133,0
50.144,0
50.156,0
50.167,0
50.178,0
50.189,0
50.2,0
50.211,0
50.222,0
50.233,0
50.244,0
50.256,0
50.267,0
50.278,0
50.289,0
50.3,0
50.311,0
50.322,0
50.333,0
50.344,0
50.356,0
50.367,0
50.378,0
50.389,0
50.4,0
50.411,0
50.422,0
50.433,0
50.444,0
50.456,0
50.467,0
50.478,0
50.489,0
50.5,0
50.511,0
50.522,0
50.533,0
50.544,0
50.556,0
50.567,0
50.578,0
50.589,0
50.6,1
50.611,1
50.622,1
50.633,1
50.644,1
50.656,1
50.667,1
50.678,1
50.689,1
50.7,1
50.711,1
50.722,1
50.733,1
50.744,1
50.756,1
50.767,1
50.778,1
50.789,1
50.8,1
50.811,1
50.822,1
50.833,1
50.844,1
50.856,1
50.867,1
50.878,1
50.889,1
50.9,1
50.911,1
50.922,1
50.933,1
50.944,1
50.956,1
50.967,1
50.978,1
50.989,1
51,1
51.011,1
51.022,1
51.033,1
51.044,1
51.056,1
51.067,1
51.078,1
51.089,1
51.1,1
51.111,1
51.122,1
51.133,1
51.144,1
51.156,1
51.167,1
51.178,1
51.189,1
51.2,1
51.211,1
51.222,1
51.233,1
51.244,1
51.256,1
51.267,1
51.278,1
51.289,1
51.3,1
51.311,1
51.322,1
51.333,1
51.344,1
51.356,1
51.367,1
51.378,1
51.389,1
51.4,1
51.411,0
51.422,0
51.433,0
51.444,0
51.456,0
51.467,0
51.478,0
51.489,0
51.5,0
51.511,0
51.522,0
51.533,0
51.544,0
51.556,0
51.567,0
51.578,0
51.589,0
51.6,0
51.611,0
51.622,0
51.633,0
51.644,0
51.656,0
51.667,0
51.678,0
51.689,0
51.7,0
51.711,0
51.722,0
51.733,0
51.744,0
51.756,0
51.767,0
51.778,0
51.789,0
51.8,0
51.811,0
51.822,0
51.833,0
51.844,0
51.856,0
51.867,0
51.878,0
51.889,0
51.9,0
51.911,0
51.922,0
51.933,0
51.944,0
51.956,0
51.967,0
51.978,0
51.989,0
52,0
52.011,0
52.022,0
52.033,0
52.044,0
52.056,0
52.067,0
52.078,0
52.089,0
52.1,0
52.111,0
52.122,0
52.133,0
52.144,0
52.156,0
52.167,0
52.178,0
52.189,0
52.2,0
52.211,0
52.222,0
52.233,0
52.244,0
52.256,0
52.267,0
52.278,0
52.289,0
52.3,0
52.311,0
52.322,0
52.333,0
52.344,0
52.356,0
52.367,0
52.378,0
52.389,0
52.4,0
52.411,0
52.422,0
52.433,0
52.444,0
52.456,0
52.467,0
52.478,0
52.489,0
52.5,0
52.511,0
52.522,0
52.533,0
52.544,0
52.556,0
52.567,0
52.578,0
52.589,0
52.6,0
52.611,0
52.622,0
52.633,0
52.644,0
52.656,0
52.667,0
52.678,0
52.689,0
52.7,0
52.711,0
52.722,0
52.733,0
52.744,0
52.756,0
52.767,0
52.778,0
52.789,0
52.8,0
52.811,0
52.822,0
52.833,0
52.844,0
52.856,0
52.867,1
52.878,1
52.889,1
52.9,1
52.911,1
52.922,1
52.933,1
52.944,1
52.956,1
52.967,1
52.978,1
52.989,1
53,1
53.011,1
53.022,1
53.033,1
53.044,1
53.056,1
53.067,1
53.078,1
53.089,1
53.1,1
53.111,1
53.122,1
53.133,1
53.144,1
53.156,1
53.167,1
53.178,1
53.189,1
53.2,1
53.211,1
53.222,1
53.233,1
53.244,1
53.256,1
53.267,1
53.278,1
53.289,1
53.3,1
53.311,1
53.322,1
53.333,1
53.344,1
53.356,1
53.367,1
53.378,1
53.389,1
53.4,1
53.411,1
53.422,1
53.433,1
53.444,1
53.456,1
53.467,1
53.478,1
53.489,1
53.5,1
53.511,1
53.522,1
53.533,1
53.544,1
53.556,1
53.567,1
53.578,1
53.589,1
53.6,1
53.611,1
53.622,1
53.633,1
53.644,1
53.656,1
53.667,1
53.678,1
53.689,1
53.7,1
53.711,1
53.722,0
53.733,0
53.744,0
53.756,0
53.767,0
53.778,0
53.789,0
53.8,0
53.811,0
53.822,0
53.833,0
53.844,0
53.856,0
53.867,0
53.878,0
53.889,0
53.9,0
53.911,0
53.922,0
53.933,0
53.944,0
53.956,0
53.967,0
53.978,0
53.989,0
54,0
54.011,0
54.022,0
54.033,0
54.044,0
54.056,0
54.067,0
54.078,0
54.089,0
54.1,0
54.111,0
54.122,0
54.133,0
54.144,0
54.156,0
54.167,0
54.178,0
54.189,0
54.2,0
54.211,0
54.222,0
54.233,0
54.244,0
54.256,0
54.267,0
54.278,0
54.289,0
54.3,0
54.311,0
54.322,0
54.333,0
54.344,0
54.356,0
54.367,0
54.378,0
54.389,0
54.4,0
54.411,0
54.422,0
54.433,0
54.444,0
54.456,0
54.467,0
54.478,0
54.489,0
54.5,0
54.511,0
54.522,0
54.533,0
54.544,0
54.556,0
54.567,0
54.578,0
54.589,0
54.6,0
54.611,0
54.622,0
54.633,0
54.644,0
54.656,0
54.667,0
54.678,0
54.689,0
54.7,0
54.711,0
54.722,0
54.733,0
54.744,0
54.756,0
54.767,0
54.778,0
54.789,0
54.8,0
54.811,0
54.822,0
54.833,0
54.844,0
54.856,0
54.867,0
54.878,0
54.889,0
54.9,0
54.911,0
54.922,0
54.933,0
54.944,1
54.956,1
54.967,1
54.978,1
54.989,1
55,1
55.011,1
55.022,1
55.033,1
55.044,1
55.056,1
55.067,1
55.078,1
55.089,1
55.1,1
55.111,1
55.122,1
55.133,1
55.144,1
55.156,1
55.167,1
55.178,1
55.189,1
55.2,1
55.211,1
55.222,1
55.233,1
55.244,1
55.256,1
55.267,1
55.278,1
55.289,1
55.3,1
55.311,1
55.322,1
55.333,1
55.344,1
55.356,1
55.367,1
55.378,1
55.389,1
55.4,1
55.411,1
55.422,1
55.433,1
55.444,1
55.456,1
55.467,1
55.478,1
55.489,1
55.5,1
55.511,1
55.522,1
55.533,1
55.544,1
55.556,1
55.567,1
55.578,1
55.589,1
55.6,1
55.611,1
55.622,1
55.633,1
55.644,1
55.656,1
55.667,1
55.678,1
55.689,1
55.7,1
55.711,1
55.722,1
55.733,1
55.744,0
55.756,0
55.767,0
55.778,0
55.789,0
55.8,0
55.811,0
55.822,0
55.833,0
55.844,0
55.856,0
55.867,0
55.878,0
55.889,0
55.9,0
55.911,0
55.922,0
55.933,0
55.944,0
55.956,0
55.967,0
55.978,0
55.989,0
56,0
56.011,0
56.022,0
56.033,0
56.044,0
56.056,0
56.067,0
56.078,0
56.089,0
56.1,0
56.111,0
56.122,0
56.133,0
56.144,0
56.156,0
56.167,0
56.178,0
56.189,0
56.2,0
56.211,0
56.222,0
56.233,0
56.244,0
56.256,0
56.267,0
56.278,0
56.289,0
56.3,0
56.311,0
56.322,0
56.333,0
56.344,0
56.356,0
56.367,0
56.378,0
56.389,0
56.4,0
56.411,0
56.422,0
56.433,0
56.444,0
56.456,0
56.467,0
56.478,0
56.489,0
56.5,0
56.511,0
56.522,0
56.533,0
56.544,0
56.556,0
56.567,0
56.578,0
56.589,0
56.6,0
56.611,0
56.622,0
56.633,0
56.644,0
56.656,0
56.667,0
56.678,0
56.689,0
56.7,0
56.711,0
56.722,0
56.733,0
56.744,0
56.756,0
56.767,0
56.778,0
56.789,0
56.8,0
56.811,0
56.822,0
56.833,0
56.844,0
56.856,0
56.867,0
56.878,0
56.889,0
56.9,0
56.911,0
56.922,0
56.933,0
56.944,0
56.956,0
56.967,0
56.978,0
56.989,1
57,1
57.011,1
57.022,1
57.033,1
57.044,1
57.056,1
57.067,1
57.078,1
57.089,1
57.1,1
57.111,1
57.122,1
57.133,1
57.144,1
57.156,1
57.167,1
57.178,1
57.189,1
57.2,1
57.211,1
57.222,1
57.233,1
57.244,1
57.256,1
57.267,1
57.278,1
57.289,1
57.3,1
57.311,1
57.322,1
57.333,1
57.344,1
57.356,1
57.367,1
57.378,1
57.389,1
57.4,1
57.411,1
57.422,1
57.433,1
57.444,1
57.456,1
57.467,1
57.478,1
57.489,1
57.5,1
57.511,1
57.522,1
57.533,1
57.544,1
57.556,1
57.567,1
57.578,1
57.589,1
57.6,1
57.611,1
57.622,1
57.633,1
57.644,1
57.656,1
57.667,1
57.678,1
57.689,1
57.7,1
57.711,1
57.722,1
57.733,1
57.744,1
57.756,1
57.767,1
57.778,1
57.789,1
57.8,1
57.811,1
57.822,1
57.833,0
57.844,0
57.856,0
57.867,0
57.878,0
57.889,0
57.9,0
57.911,0
57.922,0
57.933,0
57.944,0
57.956,0
57.967,0
57.978,0
57.989,0
58,0
58.011,0
58.022,0
58.033,0
58.044,0
58.056,0
58.067,0
58.078,0
58.089,0
58.1,0
58.111,0
58.122,0
58.133,0
58.144,0
58.156,0
58.167,0
58.178,0
58.189,0
58.2,0
58.211,0
58.222,0
58.233,0
58.244,0
58.256,0
58.267,0
58.278,0
58.289,0
58.3,0
58.311,0
58.322,0
58.333,0
58.344,0
58.356,0
58.367,0
58.378,0
58.389,0
58.4,0
58.411,0
58.422,0
58.433,0
58.444,0
58.456,0
58.467,0
58.478,0
58.489,0
58.5,0
58.511,0
58.522,0
58.533,0
58.544,0
58.556,0
58.567,0
58.578,0
58.589,0
58.6,0
58.611,0
58.622,0
58.633,0
58.644,0
58.656,0
58.667,0
58.678,0
58.689,0
58.7,0
58.711,0
58.722,0
58.733,0
58.744,0
58.756,0
58.767,0
58.778,0
58.789,0
58.8,0
58.811,0
58.822,0
58.833,0
58.844,0
58.856,0
58.867,0
58.878,0
58.889,0
58.9,0
58.911,0
58.922,0
58.933,0
58.944,0
58.956,0
58.967,0
58.978,0
58.989,0
59,0
59.011,0
59.022,0
59.033,0
59.044,0
59.056,0
59.067,0
59.078,0
59.089,0
59.1,0
59.111,0
59.122,0
59.133,0
59.144,0
59.156,0
59.167,0
59.178,0
59.189,1
59.2,1
59.211,1
59.222,1
59.233,1
59.244,1
59.256,1
59.267,1
59.278,1
59.289,1
59.3,1
59.311,1
59.322,1
59.333,1
59.344,1
59.356,1
59.367,1
59.378,1
59.389,1
59.4,1
59.411,1
59.422,1
59.433,1
59.444,1
59.456,1
59.467,1
59.478,1
59.489,1
59.5,1
59.511,1
59.522,1
59.533,1
59.544,1
59.556,1
59.567,1
59.578,1
59.589,1
59.6,1
59.611,1
59.622,1
59.633,1
59.644,1
59.656,1
59.667,1
59.678,1
59.689,1
59.7,1
59.711,1
59.722,1
59.733,1
59.744,1
59.756,1
59.767,1
59.778,1
59.789,1
59.8,1
59.811,1
59.822,1
59.833,1
59.844,1
59.856,1
59.867,1
59.878,1
59.889,1
59.9,1
59.911,1
59.922,1
59.933,1
59.944,1
59.956,1
59.967,1
59.978,1
59.989,1
60,1
60.011,1
60.022,1
60.033,0
60.044,0
60.056,0
60.067,0
60.078,0
60.089,0
60.1,0
60.111,0
60.122,0
60.133,0
60.144,0
60.156,0
60.167,0
60.178,0
60.189,0
60.2,0
60.211,0
60.222,0
60.233,0
60.244,0
60.256,0
60.267,0
60.278,0
60.289,0
60.3,0
60.311,0
60.322,0
60.333,0
60.344,0
60.356,0
60.367,0
60.378,0
60.389,0
60.4,0
60.411,0
60.422,0
60.433,0
60.444,0
60.456,0
60.467,0
60.478,0
60.489,0
60.5,0
60.511,0
60.522,0
60.533,0
60.544,0
60.556,0
60.567,0
60.578,0
60.589,0
60.6,0
60.611,0
60.622,0
60.633,0
60.644,0
60.656,0
60.667,0
60.678,0
60.689,0
60.7,0
60.711,0
60.722,0
60.733,0
60.744,0
60.756,0
60.767,0
60.778,0
60.789,0
60.8,0
60.811,0
60.822,0
60.833,0
60.844,0
60.856,0
60.867,0
60.878,0
60.889,0
60.9,0
60.911,0
60.922,0
60.933,0
60.944,0
60.956,0
60.967,0
60.978,0
60.989,0
61,0
61.011,0
61.022,0
61.033,0
61.044,0
61.056,0
61.067,0
61.078,0
61.089,0
61.1,0
61.111,0
61.122,0
61.133,0
61.144,0
61.156,0
61.167,0
61.178,0
61.189,0
61.2,0
61.211,0
61.222,0
61.233,0
61.244,0
61.256,0
61.267,0
61.278,0
61.289,0
61.3,0
61.311,0
61.322,0
61.333,0
61.344,0
61.356,0
61.367,0
61.378,0
61.389,0
61.4,0
61.411,1
61.422,1
61.433,1
61.444,1
61.456,1
61.467,1
61.478,1
61.489,1
61.5,1
61.511,1
61.522,1
61.533,1
61.544,1
61.556,1
61.567,1
61.578,1
61.589,1
61.6,1
61.611,1
61.622,1
61.633,1
61.644,1
61.656,1
61.667,1
61.678,1
61.689,1
61.7,1
61.711,1
61.722,1
61.733,1
61.744,1
61.756,1
61.767,1
61.778,1
61.789,1
61.8,1
61.811,1
61.822,1
61.833,1
61.844,1
61.856,1
61.867,1
61.878,1
61.889,1
61.9,1
61.911,1
61.922,1
61.933,1
61.944,1
61.956,1
61.967,1
61.978,1
61.989,1
62,1
62.011,1
62.022,1
62.033,1
62.044,1
62.056,1
62.067,1
62.078,1
62.089,1
62.1,1
62.111,1
62.122,1
62.133,1
62.144,1
62.156,1
62.167,1
62.178,1
62.189,1
62.2,1
62.211,1
62.222,1
62.233,1
62.244,1
62.256,1
62.267,1
62.278,1
62.289,1
62.3,1
62.311,1
62.322,1
62.333,1
62.344,0
62.356,0
62.367,0
62.378,0
62.389,0
62.4,0
62.411,0
62.422,0
62.433,0
62.444,0
62.456,0
62.467,0
62.478,0
62.489,0
62.5,0
62.511,0
62.522,0
62.533,0
62.544,0
62.556,0
62.567,0
62.578,0
62.589,0
62.6,0
62.611,0
62.622,0
62.633,0
62.644,0
62.656,0
62.667,0
62.678,0
62.689,0
62.7,0
62.711,0
62.722,0
62.733,0
62.744,0
62.756,0
62.767,0
62.778,0
62.789,0
62.8,0
62.811,0
62.822,0
62.833,0
62.844,0
62.856,0
62.867,0
62.878,0
62.889,0
62.9,0
62.911,0
62.922,0
62.933,0
62.944,0
62.956,0
62.967,0
62.978,0
62.989,0
63,0
63.011,0
63.022,0
63.033,0
63.044,0
63.056,0
63.067,0
63.078,0
63.089,0
63.1,0
63.111,0
63.122,0
63.133,0
63.144,0
63.156,0
63.167,0
63.178,0
63.189,0
63.2,0
63.211,0
63.222,0
63.233,0
63.244,0
63.256,0
63.267,0
63.278,0
63.289,0
63.3,0
63.311,0
63.322,0
63.333,0
63.344,0
63.356,0
63.367,0
63.378,0
63.389,0
63.4,0
63.411,0
63.422,0
63.433,0
63.444,0
63.456,0
63.467,0
63.478,0
63.489,0
63.5,0
63.511,0
63.522,0
63.533,0
63.544,0
63.556,1
63.567,1
63.578,1
63.589,1
63.6,1
63.611,1
63.622,1
63.633,1
63.644,1
63.656,1
63.667,1
63.678,1
63.689,1
63.7,1
63.711,1
63.722,1
63.733,1
63.744,1
63.756,1
63.767,1
63.778,1
63.789,1
63.8,1
63.811,1
63.822,1
63.833,1
63.844,1
63.856,1
63.867,1
63.878,1
63.889,1
63.9,1
63.911,1
63.922,1
63.933,1
63.944,1
63.956,1
63.967,1
63.978,1
63.989,1
64,1
64.011,1
64.022,1
64.033,1
64.044,1
64.056,1
64.067,1
64.078,1
64.089,1
64.1,1
64.111,1
64.122,1
64.133,1
64.144,1
64.156,1
64.167,1
64.178,1
64.189,1
64.2,1
64.211,1
64.222,1
64.233,1
64.244,1
64.256,1
64.267,1
64.278,1
64.289,1
64.3,1
64.311,1
64.322,1
64.333,1
64.344,1
64.356,1
64.367,1
64.378,1
64.389,1
64.4,1
64.411,1
64.422,1
64.433,1
64.444,1
64.456,1
64.467,1
64.478,1
64.489,1
64.5,0
64.511,0
64.522,0
64.533,0
64.544,0
64.556,0
64.567,0
64.578,0
64.589,0
64.6,0
64.611,0
64.622,0
64.633,0
64.644,0
64.656,0
64.667,0
64.678,0
64.689,0
64.7,0
64.711,0
64.722,0
64.733,0
64.744,0
64.756,0
64.767,0
64.778,0
64.789,0
64.8,0
64.811,0
64.822,0
64.833,0
64.844,0
64.856,0
64.867,0
64.878,0
64.889,0
64.9,0
64.911,0
64.922,0
64.933,0
64.944,0
64.956,0
64.967,0
64.978,0
64.989,0
65,0
65.011,0
65.022,0
65.033,0
65.044,0
65.056,0
65.067,0
65.078,0
65.089,0
65.1,0
65.111,0
65.122,0
65.133,0
65.144,0
65.156,0
65.167,0
65.178,0
65.189,0
65.2,0
65.211,0
65.222,0
65.233,0
65.244,0
65.256,0
65.267,0
65.278,0
65.289,0
65.3,0
65.311,0
65.322,0
65.333,0
65.344,0
65.356,0
65.367,0
65.378,0
65.389,0
65.4,0
65.411,0
65.422,0
65.433,0
65.444,0
65.456,0
65.467,0
65.478,0
65.489,0
65.5,0
65.511,0
65.522,0
65.533,0
65.544,0
65.556,0
65.567,0
65.578,0
65.589,0
65.6,0
65.611,0
65.622,0
65.633,0
65.644,0
65.656,0
65.667,0
65.678,0
65.689,0
65.7,0
65.711,0
65.722,0
65.733,0
65.744,0
65.756,0
65.767,0
65.778,0
65.789,0
65.8,0
65.811,0
65.822,0
65.833,0
65.844,0
65.856,0
65.867,0
65.878,0
65.889,0
65.9,1
65.911,1
65.922,1
65.933,1
65.944,1
65.956,1
65.967,1
65.978,1
65.989,1
66,1
66.011,1
66.022,1
66.033,1
66.044,1
66.056,1
66.067,1
66.078,1
66.089,1
66.1,1
66.111,1
66.122,1
66.133,1
66.144,1
66.156,1
66.167,1
66.178,1
66.189,1
66.2,1
66.211,1
66.222,1
66.233,1
66.244,1
66.256,1
66.267,1
66.278,1
66.289,1
66.3,1
66.311,1
66.322,1
66.333,1
66.344,1
66.356,1
66.367,1
66.378,1
66.389,1
66.4,1
66.411,1
66.422,1
66.433,1
66.444,1
66.456,1
66.467,1
66.478,1
66.489,1
66.5,1
66.511,1
66.522,1
66.533,1
66.544,1
66.556,1
66.567,1
66.578,1
66.589,1
66.6,1
66.611,1
66.622,1
66.633,1
66.644,1
66.656,1
66.667,1
66.678,1
66.689,1
66.7,1
66.711,1
66.722,1
66.733,1
66.744,1
66.756,1
66.767,1
66.778,1
66.789,0
66.8,0
66.811,0
66.822,0
66.833,0
66.844,0
66.856,0
66.867,0
66.878,0
66.889,0
66.9,0
66.911,0
66.922,0
66.933,0
66.944,0
66.956,0
66.967,0
66.978,0
66.989,0
67,0
67.011,0
67.022,0
67.033,0
67.044,0
67.056,0
67.067,0
67.078,0
67.089,0
67.1,0
67.111,0
67.122,0
67.133,0
67.144,0
67.156,0
67.167,0
67.178,0
67.189,0
67.2,0
67.211,0
67.222,0
67.233,0
67.244,0
67.256,0
67.267,0
67.278,0
67.289,0
67.3,0
67.311,0
67.322,0
67.333,0
67.344,0
67.356,0
67.367,0
67.378,0
67.389,0
67.4,0
67.411,0
67.422,0
67.433,0
67.444,0
67.456,0
67.467,0
67.478,0
67.489,0
67.5,0
67.511,0
67.522,0
67.533,0
67.544,0
67.556,0
67.567,0
67.578,0
67.589,0
67.6,0
67.611,0
67.622,0
67.633,0
67.644,0
67.656,0
67.667,0
67.678,0
67.689,0
67.7,0
67.711,0
67.722,0
67.733,0
67.744,0
67.756,0
67.767,0
67.778,0
67.789,0
67.8,0
67.811,0
67.822,0
67.833,0
67.844,0
67.856,0
67.867,0
67.878,0
67.889,0
67.9,0
67.911,0
67.922,0
67.933,0
67.944,0
67.956,0
67.967,0
67.978,0
67.989,0
68,0
68.011,0
68.022,0
68.033,0
68.044,0
68.056,0
68.067,0
68.078,0
68.089,0
68.1,0
68.111,0
68.122,0
68.133,0
68.144,0
68.156,0
68.167,0
68.178,0
68.189,1
68.2,1
68.211,1
68.222,1
68.233,1
68.244,1
68.256,1
68.267,1
68.278,1
68.289,1
68.3,1
68.311,1
68.322,1
68.333,1
68.344,1
68.356,1
68.367,1
68.378,1
68.389,1
68.4,1
68.411,1
68.422,1
68.433,1
68.444,1
68.456,1
68.467,1
68.478,1
68.489,1
68.5,1
68.511,1
68.522,1
68.533,1
68.544,1
68.556,1
68.567,1
68.578,1
68.589,1
68.6,1
68.611,1
68.622,1
68.633,1
68.644,1
68.656,1
68.667,1
68.678,1
68.689,1
68.7,1
68.711,1
68.722,1
68.733,1
68.744,1
68.756,1
68.767,1
68.778,1
68.789,1
68.8,1
68.811,1
68.822,1
68.833,1
68.844,1
68.856,1
68.867,1
68.878,1
68.889,1
68.9,1
68.911,1
68.922,1
68.933,1
68.944,1
68.956,1
68.967,1
68.978,1
68.989,1
69,1
69.011,1
69.022,1
69.033,1
69.044,1
69.056,1
69.067,1
69.078,1
69.089,1
69.1,0
69.111,0
69.122,0
69.133,0
69.144,0
69.156,0
69.167,0
69.178,0
69.189,0
69.2,0
69.211,0
69.222,0
69.233,0
69.244,0
69.256,0
69.267,0
69.278,0
69.289,0
69.3,0
69.311,0
69.322,0
69.333,0
69.344,0
69.356,0
69.367,0
69.378,0
69.389,0
69.4,0
69.411,0
69.422,0
69.433,0
69.444,0
69.456,0
69.467,0
69.478,0
69.489,0
69.5,0
69.511,0
69.522,0
69.533,0
69.544,0
69.556,0
69.567,0
69.578,0
69.589,0
69.6,0
69.611,0
69.622,0
69.633,0
69.644,0
69.656,0
69.667,0
69.678,0
69.689,0
69.7,0
69.711,0
69.722,0
69.733,0
69.744,0
69.756,0
69.767,0
69.778,0
69.789,0
69.8,0
69.811,0
69.822,0
69.833,0
69.844,0
69.856,0
69.867,0
69.878,0
69.889,0
69.9,0
69.911,0
69.922,0
69.933,0
69.944,0
69.956,0
69.967,0
69.978,0
69.989,0
70,0
70.011,0
70.022,0
70.033,0
70.044,0
70.056,0
70.067,0
70.078,0
70.089,0
70.1,0
70.111,0
70.122,0
70.133,0
70.144,0
70.156,0
70.167,0
70.178,0
70.189,0
70.2,0
70.211,0
70.222,0
70.233,0
70.244,0
70.256,0
70.267,0
70.278,0
70.289,1
70.3,1
70.311,1
70.322,1
70.333,1
70.344,1
70.356,1
70.367,1
70.378,1
70.389,1
70.4,1
70.411,1
70.422,1
70.433,1
70.444,1
70.456,1
70.467,1
70.478,1
70.489,1
70.5,1
70.511,1
70.522,1
70.533,1
70.544,1
70.556,1
70.567,1
70.578,1
70.589,1
70.6,1
70.611,1
70.622,1
70.633,1
70.644,1
70.656,1
70.667,1
70.678,1
70.689,1
70.7,1
70.711,1
70.722,1
70.733,1
70.744,1
70.756,1
70.767,1
70.778,1
70.789,1
70.8,1
70.811,1
70.822,1
70.833,1
70.844,1
70.856,1
70.867,1
70.878,1
70.889,1
70.9,1
70.911,1
70.922,1
70.933,1
70.944,1
70.956,1
70.967,1
70.978,1
70.989,1
71,1
71.011,1
71.022,1
71.033,1
71.044,1
71.056,1
71.067,1
71.078,1
71.089,1
71.1,1
71.111,1
71.122,1
71.133,1
71.144,1
71.156,1
71.167,1
71.178,0
71.189,0
71.2,0
71.211,0
71.222,0
71.233,0
71.244,0
71.256,0
71.267,0
71.278,0
71.289,0
71.3,0
71.311,0
71.322,0
71.333,0
71.344,0
71.356,0
71.367,0
71.378,0
71.389,0
71.4,0
71.411,0
71.422,0
71.433,0
71.444,0
71.456,0
71.467,0
71.478,0
71.489,0
71.5,0
71.511,0
71.522,0
71.533,0
71.544,0
71.556,0
71.567,0
71.578,0
71.589,0
71.6,0
71.611,0
71.622,0
71.633,0
71.644,0
71.656,0
71.667,0
71.678,0
71.689,0
71.7,0
71.711,0
71.722,0
71.733,0
71.744,0
71.756,0
71.767,0
71.778,0
71.789,0
71.8,0
71.811,0
71.822,0
71.833,0
71.844,0
71.856,0
71.867,0
71.878,0
71.889,0
71.9,0
71.911,0
71.922,0
71.933,0
71.944,0
71.956,0
71.967,0
71.978,0
71.989,0
72,0
72.011,0
72.022,0
72.033,0
72.044,0
72.056,0
72.067,0
72.078,0
72.089,0
72.1,0
72.111,0
72.122,0
72.133,0
72.144,0
72.156,0
72.167,0
72.178,0
72.189,0
72.2,0
72.211,0
72.222,0
72.233,0
72.244,0
72.256,0
72.267,0
72.278,0
72.289,0
72.3,0
72.311,0
72.322,0
72.333,0
72.344,0
72.356,0
72.367,0
72.378,0
72.389,0
72.4,0
72.411,0
72.422,0
72.433,0
72.444,0
72.456,0
72.467,0
72.478,0
72.489,0
72.5,0
72.511,0
72.522,1
72.533,1
72.544,1
72.556,1
72.567,1
72.578,1
72.589,1
72.6,1
72.611,1
72.622,1
72.633,1
72.644,1
72.656,1
72.667,1
72.678,1
72.689,1
72.7,1
72.711,1
72.722,1
72.733,1
72.744,1
72.756,1
72.767,1
72.778,1
72.789,1
72.8,1
72.811,1
72.822,1
72.833,1
72.844,1
72.856,1
72.867,1
72.878,1
72.889,1
72.9,1
72.911,1
72.922,1
72.933,1
72.944,1
72.956,1
72.967,1
72.978,1
72.989,1
73,1
73.011,1
73.022,1
73.033,1
73.044,1
73.056,1
73.067,1
73.078,1
73.089,1
73.1,1
73.111,1
73.122,1
73.133,1
73.144,1
73.156,1
73.167,1
73.178,1
73.189,1
73.2,1
73.211,1
73.222,1
73.233,1
73.244,1
73.256,1
73.267,1
73.278,1
73.289,1
73.3,1
73.311,1
73.322,1
73.333,1
73.344,1
73.356,1
73.367,1
73.378,1
73.389,1
73.4,1
73.411,1
73.422,1
73.433,1
73.444,0
73.456,0
73.467,0
73.478,0
73.489,0
73.5,0
73.511,0
73.522,0
73.533,0
73.544,0
73.556,0
73.567,0
73.578,0
73.589,0
73.6,0
73.611,0
73.622,0
73.633,0
73.644,0
73.656,0
73.667,0
73.678,0
73.689,0
73.7,0
73.711,0
73.722,0
73.733,0
73.744,0
73.756,0
73.767,0
73.778,0
73.789,0
73.8,0
73.811,0
73.822,0
73.833,0
73.844,0
73.856,0
73.867,0
73.878,0
73.889,0
73.9,0
73.911,0
73.922,0
73.933,0
73.944,0
73.956,0
73.967,0
73.978,0
73.989,0
74,0
74.011,0
74.022,0
74.033,0
74.044,0
74.056,0
74.067,0
74.078,0
74.089,0
74.1,0
74.111,0
74.122,0
74.133,0
74.144,0
74.156,0
74.167,0
74.178,0
74.189,0
74.2,0
74.211,0
74.222,0
74.233,0
74.244,0
74.256,0
74.267,0
74.278,0
74.289,0
74.3,0
74.311,0
74.322,0
74.333,0
74.344,0
74.356,0
74.367,0
74.378,0
74.389,0
74.4,0
74.411,0
74.422,0
74.433,0
74.444,0
74.456,0
74.467,0
74.478,0
74.489,0
74.5,0
74.511,0
74.522,0
74.533,0
74.544,0
74.556,0
74.567,0
74.578,0
74.589,0
74.6,0
74.611,0
74.622,0
74.633,0
74.644,0
74.656,0
74.667,0
74.678,0
74.689,0
74.7,0
74.711,0
74.722,0
74.733,0
74.744,0
74.756,0
74.767,0
74.778,0
74.789,0
74.8,1
74.811,1
74.822,1
74.833,1
74.844,1
74.856,1
74.867,1
74.878,1
74.889,1
74.9,1
74.911,1
74.922,1
74.933,1
74.944,1
74.956,1
74.967,1
74.978,1
74.989,1
75,1
75.011,1
75.022,1
75.033,1
75.044,1
75.056,1
75.067,1
75.078,1
75.089,1
75.1,1
75.111,1
75.122,1
75.133,1
75.144,1
75.156,1
75.167,1
75.178,1
75.189,1
75.2,1
75.211,1
75.222,1
75.233,1
75.244,1
75.256,1
75.267,1
75.278,1
75.289,1
75.3,1
75.311,1
75.322,1
75.333,1
75.344,1
75.356,1
75.367,1
75.378,1
75.389,1
75.4,1
75.411,1
75.422,1
75.433,1
75.444,1
75.456,1
75.467,1
75.478,1
75.489,1
75.5,1
75.511,1
75.522,1
75.533,1
75.544,1
75.556,1
75.567,1
75.578,1
75.589,1
75.6,1
75.611,1
75.622,1
75.633,1
75.644,1
75.656,0
75.667,0
75.678,0
75.689,0
75.7,0
75.711,0
75.722,0
75.733,0
75.744,0
75.756,0
75.767,0
75.778,0
75.789,0
75.8,0
75.811,0
75.822,0
75.833,0
75.844,0
75.856,0
75.867,0
75.878,0
75.889,0
75.9,0
75.911,0
75.922,0
75.933,0
75.944,0
75.956,0
75.967,0
75.978,0
75.989,0
76,0
76.011,0
76.022,0
76.033,0
76.044,0
76.056,0
76.067,0
76.078,0
76.089,0
76.1,0
76.111,0
76.122,0
76.133,0
76.144,0
76.156,0
76.167,0
76.178,0
76.189,0
76.2,0
76.211,0
76.222,0
76.233,0
76.244,0
76.256,0
76.267,0
76.278,0
76.289,0
76.3,0
76.311,0
76.322,0
76.333,0
76.344,0
76.356,0
76.367,0
76.378,0
76.389,0
76.4,0
76.411,0
76.422,0
76.433,0
76.444,0
76.456,0
76.467,0
76.478,0
76.489,0
76.5,0
76.511,0
76.522,0
76.533,0
76.544,0
76.556,0
76.567,0
76.578,0
76.589,0
76.6,0
76.611,0
76.622,0
76.633,0
76.644,0
76.656,0
76.667,0
76.678,0
76.689,0
76.7,0
76.711,0
76.722,0
76.733,0
76.744,0
76.756,0
76.767,0
76.778,0
76.789,0
76.8,0
76.811,0
76.822,0
76.833,0
76.844,0
76.856,0
76.867,0
76.878,0
76.889,0
76.9,0
76.911,0
76.922,0
76.933,0
76.944,0
76.956,0
76.967,0
76.978,0
76.989,0
77,0
77.011,0
77.022,0
77.033,0
77.044,1
77.056,1
77.067,1
77.078,1
77.089,1
77.1,1
77.111,1
77.122,1
77.133,1
77.144,1
77.156,1
77.167,1
77.178,1
77.189,1
77.2,1
77.211,1
77.222,1
77.233,1
77.244,1
77.256,1
77.267,1
77.278,1
77.289,1
77.3,1
77.311,1
77.322,1
77.333,1
77.344,1
77.356,1
77.367,1
77.378,1
77.389,1
77.4,1
77.411,1
77.422,1
77.433,1
77.444,1
77.456,1
77.467,1
77.478,1
77.489,1
77.5,1
77.511,1
77.522,1
77.533,1
77.544,1
77.556,1
77.567,1
77.578,1
77.589,1
77.6,1
77.611,1
77.622,1
77.633,1
77.644,1
77.656,1
77.667,1
77.678,1
77.689,1
77.7,1
77.711,1
77.722,1
77.733,1
77.744,1
77.756,1
77.767,1
77.778,1
77.789,1
77.8,1
77.811,1
77.822,1
77.833,1
77.844,1
77.856,1
77.867,1
77.878,1
77.889,1
77.9,1
77.911,1
77.922,1
77.933,1
77.944,0
77.956,0
77.967,0
77.978,0
77.989,0
78,0
78.011,0
78.022,0
78.033,0
78.044,0
78.056,0
78.067,0
78.078,0
78.089,0
78.1,0
78.111,0
78.122,0
78.133,0
78.144,0
78.156,0
78.167,0
78.178,0
78.189,0
78.2,0
78.211,0
78.222,0
78.233,0
78.244,0
78.256,0
78.267,0
78.278,0
78.289,0
78.3,0
78.311,0
78.322,0
78.333,0
78.344,0
78.356,0
78.367,0
78.378,0
78.389,0
78.4,0
78.411,0
78.422,0
78.433,0
78.444,0
78.456,0
78.467,0
78.478,0
78.489,0
78.5,0
78.511,0
78.522,0
78.533,0
78.544,0
78.556,0
78.567,0
78.578,0
78.589,0
78.6,0
78.611,0
78.622,0
78.633,0
78.644,0
78.656,0
78.667,0
78.678,0
78.689,0
78.7,0
78.711,0
78.722,0
78.733,0
78.744,0
78.756,0
78.767,0
78.778,0
78.789,0
78.8,0
78.811,0
78.822,0
78.833,0
78.844,0
78.856,0
78.867,0
78.878,0
78.889,0
78.9,0
78.911,0
78.922,0
78.933,0
78.944,0
78.956,0
78.967,0
78.978,0
78.989,0
79,0
79.011,0
79.022,0
79.033,0
79.044,0
79.056,0
79.067,0
79.078,0
79.089,0
79.1,0
79.111,0
79.122,0
79.133,0
79.144,0
79.156,0
79.167,0
79.178,0
79.189,0
79.2,0
79.211,0
79.222,0
79.233,0
79.244,0
79.256,0
79.267,0
79.278,0
79.289,0
79.3,0
79.311,0
79.322,0
79.333,0
79.344,0
79.356,0
79.367,0
79.378,0
79.389,0
79.4,0
79.411,0
79.422,0
79.433,0
79.444,0
79.456,0
79.467,1
79.478,1
79.489,1
79.5,1
79.511,1
79.522,1
79.533,1
79.544,1
79.556,1
79.567,1
79.578,1
79.589,1
79.6,1
79.611,1
79.622,1
79.633,1
79.644,1
79.656,1
79.667,1
79.678,1
79.689,1
79.7,1
79.711,1
79.722,1
79.733,1
79.744,1
79.756,1
79.767,1
79.778,1
79.789,1
79.8,1
79.811,1
79.822,1
79.833,1
79.844,1
79.856,1
79.867,1
79.878,1
79.889,1
79.9,1
79.911,1
79.922,1
79.933,1
79.944,1
79.956,1
79.967,1
79.978,1
79.989,1
80,1
80.011,1
80.022,1
80.033,1
80.044,1
80.056,1
80.067,1
80.078,1
80.089,1
80.1,1
80.111,1
80.122,1
80.133,1
80.144,1
80.156,1
80.167,1
80.178,1
80.189,1
80.2,1
80.211,1
80.222,1
80.233,1
80.244,1
80.256,1
80.267,1
80.278,1
80.289,1
80.3,1
80.311,1
80.322,1
80.333,0
80.344,0
80.356,0
80.367,0
80.378,0
80.389,0
80.4,0
80.411,0
80.422,0
80.433,0
80.444,0
80.456,0
80.467,0
80.478,0
80.489,0
80.5,0
80.511,0
80.522,0
80.533,0
80.544,0
80.556,0
80.567,0
80.578,0
80.589,0
80.6,0
80.611,0
80.622,0
80.633,0
80.644,0
80.656,0
80.667,0
80.678,0
80.689,0
80.7,0
80.711,0
80.722,0
80.733,0
80.744,0
80.756,0
80.767,0
80.778,0
80.789,0
80.8,0
80.811,0
80.822,0
80.833,0
80.844,0
80.856,0
80.867,0
80.878,0
80.889,0
80.9,0
80.911,0
80.922,0
80.933,0
80.944,0
80.956,0
80.967,0
80.978,0
80.989,0
81,0
81.011,0
81.022,0
81.033,0
81.044,0
81.056,0
81.067,0
81.078,0
81.089,0
81.1,0
81.111,0
81.122,0
81.133,0
81.144,0
81.156,0
81.167,0
81.178,0
81.189,0
81.2,0
81.211,0
81.222,0
81.233,0
81.244,0
81.256,0
81.267,0
81.278,0
81.289,0
81.3,0
81.311,0
81.322,1
81.333,1
81.344,1
81.356,1
81.367,1
81.378,1
81.389,1
81.4,1
81.411,1
81.422,1
81.433,1
81.444,1
81.456,1
81.467,1
81.478,1
81.489,1
81.5,1
81.511,1
81.522,1
81.533,1
81.544,1
81.556,1
81.567,1
81.578,1
81.589,1
81.6,1
81.611,1
81.622,1
81.633,1
81.644,1
81.656,1
81.667,1
81.678,1
81.689,1
81.7,1
81.711,1
81.722,1
81.733,1
81.744,1
81.756,1
81.767,1
81.778,1
81.789,1
81.8,1
81.811,1
81.822,1
81.833,1
81.844,1
81.856,1
81.867,1
81.878,1
81.889,1
81.9,1
81.911,1
81.922,1
81.933,1
81.944,1
81.956,1
81.967,1
81.978,1
81.989,1
82,1
82.011,1
82.022,1
82.033,1
82.044,0
82.056,0
82.067,0
82.078,0
82.089,0
82.1,0
82.111,0
82.122,0
82.133,0
82.144,0
82.156,0
82.167,0
82.178,0
82.189,0
82.2,0
82.211,0
82.222,0
82.233,0
82.244,0
82.256,0
82.267,0
82.278,0
82.289,0
82.3,0
82.311,0
82.322,0
82.333,0
82.344,0
82.356,0
82.367,0
82.378,0
82.389,0
82.4,0
82.411,0
82.422,0
82.433,0
82.444,0
82.456,0
82.467,0
82.478,0
82.489,0
82.5,0
82.511,0
82.522,0
82.533,0
82.544,0
82.556,0
82.567,0
82.578,0
82.589,0
82.6,0
82.611,0
82.622,0
82.633,0
82.644,0
82.656,0
82.667,0
82.678,0
82.689,0
82.7,0
82.711,0
82.722,0
82.733,0
82.744,0
82.756,0
82.767,0
82.778,0
82.789,0
82.8,0
82.811,0
82.822,0
82.833,0
82.844,0
82.856,0
82.867,0
82.878,0
82.889,0
82.9,0
82.911,0
82.922,0
82.933,0
82.944,0
82.956,0
82.967,0
82.978,0
82.989,0
83,0
83.011,0
83.022,0
83.033,0
83.044,0
83.056,0
83.067,0
83.078,0
83.089,0
83.1,0
83.111,0
83.122,0
83.133,0
83.144,0
83.156,0
83.167,0
83.178,0
83.189,0
83.2,0
83.211,0
83.222,0
83.233,1
83.244,1
83.256,1
83.267,1
83.278,1
83.289,1
83.3,1
83.311,1
83.322,1
83.333,1
83.344,1
83.356,1
83.367,1
83.378,1
83.389,1
83.4,1
83.411,1
83.422,1
83.433,1
83.444,1
83.456,1
83.467,1
83.478,1
83.489,1
83.5,1
83.511,1
83.522,1
83.533,1
83.544,1
83.556,1
83.567,1
83.578,1
83.589,1
83.6,1
83.611,1
83.622,1
83.633,1
83.644,1
83.656,1
83.667,1
83.678,1
83.689,1
83.7,1
83.711,1
83.722,1
83.733,1
83.744,1
83.756,1
83.767,1
83.778,1
83.789,1
83.8,1
83.811,1
83.822,1
83.833,1
83.844,1
83.856,1
83.867,1
83.878,1
83.889,1
83.9,1
83.911,1
83.922,1
83.933,1
83.944,1
83.956,1
83.967,1
83.978,1
83.989,1
84,1
84.011,1
84.022,1
84.033,1
84.044,1
84.056,0
84.067,0
84.078,0
84.089,0
84.1,0
84.111,0
84.122,0
84.133,0
84.144,0
84.156,0
84.167,0
84.178,0
84.189,0
84.2,0
84.211,0
84.222,0
84.233,0
84.244,0
84.256,0
84.267,0
84.278,0
84.289,0
84.3,0
84.311,0
84.322,0
84.333,0
84.344,0
84.356,0
84.367,0
84.378,0
84.389,0
84.4,0
84.411,0
84.422,0
84.433,0
84.444,0
84.456,0
84.467,0
84.478,0
84.489,0
84.5,0
84.511,0
84.522,0
84.533,0
84.544,0
84.556,0
84.567,0
84.578,0
84.589,0
84.6,0
84.611,0
84.622,0
84.633,0
84.644,0
84.656,0
84.667,0
84.678,0
84.689,0
84.7,0
84.711,0
84.722,0
84.733,0
84.744,0
84.756,0
84.767,0
84.778,0
84.789,0
84.8,0
84.811,0
84.822,0
84.833,0
84.844,0
84.856,0
84.867,0
84.878,0
84.889,0
84.9,0
84.911,0
84.922,0
84.933,0
84.944,0
84.956,0
84.967,0
84.978,0
84.989,0
85,0
85.011,0
85.022,0
85.033,0
85.044,0
85.056,0
85.067,0
85.078,0
85.089,0
85.1,0
85.111,0
85.122,0
85.133,0
85.144,0
85.156,0
85.167,0
85.178,0
85.189,0
85.2,1
85.211,1
85.222,1
85.233,1
85.244,1
85.256,1
85.267,1
85.278,1
85.289,1
85.3,1
85.311,1
85.322,1
85.333,1
85.344,1
85.356,1
85.367,1
85.378,1
85.389,1
85.4,1
85.411,1
85.422,1
85.433,1
85.444,1
85.456,1
85.467,1
85.478,1
85.489,1
85.5,1
85.511,1
85.522,1
85.533,1
85.544,1
85.556,1
85.567,1
85.578,1
85.589,1
85.6,1
85.611,1
85.622,1
85.633,1
85.644,1
85.656,1
85.667,1
85.678,1
85.689,1
85.7,1
85.711,1
85.722,1
85.733,1
85.744,1
85.756,1
85.767,1
85.778,1
85.789,1
85.8,1
85.811,1
85.822,1
85.833,1
85.844,1
85.856,1
85.867,1
85.878,1
85.889,1
85.9,1
85.911,1
85.922,1
85.933,1
85.944,1
85.956,1
85.967,1
85.978,1
85.989,1
86,1
86.011,1
86.022,1
86.033,1
86.044,1
86.056,1
86.067,1
86.078,0
86.089,0
86.1,0
86.111,0
86.122,0
86.133,0
86.144,0
86.156,0
86.167,0
86.178,0
86.189,0
86.2,0
86.211,0
86.222,0
86.233,0
86.244,0
86.256,0
86.267,0
86.278,0
86.289,0
86.3,0
86.311,0
86.322,0
86.333,0
86.344,0
86.356,0
86.367,0
86.378,0
86.389,0
86.4,0
86.411,0
86.422,0
86.433,0
86.444,0
86.456,0
86.467,0
86.478,0
86.489,0
86.5,0
86.511,0
86.522,0
86.533,0
86.544,0
86.556,0
86.567,0
86.578,0
86.589,0
86.6,0
86.611,0
86.622,0
86.633,0
86.644,0
86.656,0
86.667,0
86.678,0
86.689,0
86.7,0
86.711,0
86.722,0
86.733,0
86.744,0
86.756,0
86.767,0
86.778,0
86.789,0
86.8,0
86.811,0
86.822,0
86.833,0
86.844,0
86.856,0
86.867,0
86.878,0
86.889,0
86.9,0
86.911,0
86.922,0
86.933,0
86.944,0
86.956,0
86.967,0
86.978,0
86.989,0
87,0
87.011,0
87.022,0
87.033,0
87.044,0
87.056,0
87.067,0
87.078,0
87.089,0
87.1,0
87.111,0
87.122,0
87.133,0
87.144,0
87.156,0
87.167,0
87.178,0
87.189,0
87.2,0
87.211,0
87.222,0
87.233,0
87.244,0
87.256,0
87.267,1
87.278,1
87.289,1
87.3,1
87.311,1
87.322,1
87.333,1
87.344,1
87.356,1
87.367,1
87.378,1
87.389,1
87.4,1
87.411,1
87.422,1
87.433,1
87.444,1
87.456,1
87.467,1
87.478,1
87.489,1
87.5,1
87.511,1
87.522,1
87.533,1
87.544,1
87.556,1
87.567,1
87.578,1
87.589,1
87.6,1
87.611,1
87.622,1
87.633,1
87.644,1
87.656,1
87.667,1
87.678,1
87.689,1
87.7,1
87.711,1
87.722,1
87.733,1
87.744,1
87.756,1
87.767,1
87.778,1
87.789,1
87.8,1
87.811,1
87.822,1
87.833,1
87.844,1
87.856,1
87.867,1
87.878,1
87.889,1
87.9,1
87.911,1
87.922,1
87.933,1
87.944,1
87.956,1
87.967,1
87.978,1
87.989,1
88,1
88.011,1
88.022,1
88.033,1
88.044,1
88.056,1
88.067,0
88.078,0
88.089,0
88.1,0
88.111,0
88.122,0
88.133,0
88.144,0
88.156,0
88.167,0
88.178,0
88.189,0
88.2,0
88.211,0
88.222,0
88.233,0
88.244,0
88.256,0
88.267,0
88.278,0
88.289,0
88.3,0
88.311,0
88.322,0
88.333,0
88.344,0
88.356,0
88.367,0
88.378,0
88.389,0
88.4,0
88.411,0
88.422,0
88.433,0
88.444,0
88.456,0
88.467,0
88.478,0
88.489,0
88.5,0
88.511,0
88.522,0
88.533,0
88.544,0
88.556,0
88.567,0
88.578,0
88.589,0
88.6,0
88.611,0
88.622,0
88.633,0
88.644,0
88.656,0
88.667,0
88.678,0
88.689,0
88.7,0
88.711,0
88.722,0
88.733,0
88.744,0
88.756,0
88.767,0
88.778,0
88.789,0
88.8,0
88.811,0
88.822,0
88.833,0
88.844,0
88.856,0
88.867,0
88.878,0
88.889,0
88.9,0
88.911,0
88.922,0
88.933,0
88.944,0
88.956,0
88.967,0
88.978,0
88.989,0
89,0
89.011,0
89.022,0
89.033,0
89.044,0
89.056,0
89.067,0
89.078,0
89.089,0
89.1,0
89.111,0
89.122,0
89.133,0
89.144,1
89.156,1
89.167,1
89.178,1
89.189,1
89.2,1
89.211,1
89.222,1
89.233,1
89.244,1
89.256,1
89.267,1
89.278,1
89.289,1
89.3,1
89.311,1
89.322,1
89.333,1
89.344,1
89.356,1
89.367,1
89.378,1
89.389,1
89.4,1
89.411,1
89.422,1
89.433,1
89.444,1
89.456,1
89.467,1
89.478,1
89.489,1
89.5,1
89.511,1
89.522,1
89.533,1
89.544,1
89.556,1
89.567,1
89.578,1
89.589,1
89.6,1
89.611,1
89.622,1
89.633,1
89.644,1
89.656,1
89.667,1
89.678,1
89.689,1
89.7,1
89.711,1
89.722,1
89.733,1
89.744,1
89.756,1
89.767,1
89.778,1
89.789,1
89.8,1
89.811,1
89.822,1
89.833,1
89.844,1
89.856,1
89.867,1
89.878,0
89.889,0
89.9,0
89.911,0
89.922,0
89.933,0
89.944,0
89.956,0
89.967,0
89.978,0
89.989,0
90,0
90.011,0
90.022,0
90.033,0
90.044,0
90.056,0
90.067,0
90.078,0
90.089,0
90.1,0
90.111,0
90.122,0
90.133,0
90.144,0
90.156,0
90.167,0
90.178,0
90.189,0
90.2,0
90.211,0
90.222,0
90.233,0
90.244,0
90.256,0
90.267,0
90.278,0
90.289,0
90.3,0
90.311,0
90.322,0
90.333,0
90.344,0
90.356,0
90.367,0
90.378,0
90.389,0
90.4,0
90.411,0
90.422,0
90.433,0
90.444,0
90.456,0
90.467,0
90.478,0
90.489,0
90.5,0
90.511,0
90.522,0
90.533,0
90.544,0
90.556,0
90.567,0
90.578,0
90.589,0
90.6,0
90.611,0
90.622,0
90.633,0
90.644,0
90.656,0
90.667,0
90.678,0
90.689,0
90.7,0
90.711,0
90.722,0
90.733,0
90.744,0
90.756,0
90.767,0
90.778,0
90.789,0
90.8,0
90.811,0
90.822,0
90.833,0
90.844,0
90.856,0
90.867,0
90.878,0
90.889,0
90.9,0
90.911,0
90.922,0
90.933,0
90.944,0
90.956,0
90.967,0
90.978,0
90.989,0
91,0
91.011,0
91.022,0
91.033,0
91.044,0
91.056,0
91.067,0
91.078,0
91.089,0
91.1,0
91.111,0
91.122,0
91.133,0
91.144,0
91.156,0
91.167,0
91.178,0
91.189,0
91.2,1
91.211,1
91.222,1
91.233,1
91.244,1
91.256,1
91.267,1
91.278,1
91.289,1
91.3,1
91.311,1
91.322,1
91.333,1
91.344,1
91.356,1
91.367,1
91.378,1
91.389,1
91.4,1
91.411,1
91.422,1
91.433,1
91.444,1
91.456,1
91.467,1
91.478,1
91.489,1
91.5,1
91.511,1
91.522,1
91.533,1
91.544,1
91.556,1
91.567,1
91.578,1
91.589,1
91.6,1
91.611,1
91.622,1
91.633,1
91.644,1
91.656,1
91.667,1
91.678,1
91.689,1
91.7,1
91.711,1
91.722,1
91.733,1
91.744,1
91.756,1
91.767,1
91.778,1
91.789,1
91.8,1
91.811,1
91.822,1
91.833,1
91.844,1
91.856,1
91.867,1
91.878,1
91.889,1
91.9,1
91.911,1
91.922,1
91.933,1
91.944,1
91.956,1
91.967,1
91.978,1
91.989,1
92,1
92.011,0
92.022,0
92.033,0
92.044,0
92.056,0
92.067,0
92.078,0
92.089,0
92.1,0
92.111,0
92.122,0
92.133,0
92.144,0
92.156,0
92.167,0
92.178,0
92.189,0
92.2,0
92.211,0
92.222,0
92.233,0
92.244,0
92.256,0
92.267,0
92.278,0
92.289,0
92.3,0
92.311,0
92.322,0
92.333,0
92.344,0
92.356,0
92.367,0
92.378,0
92.389,0
92.4,0
92.411,0
92.422,0
92.433,0
92.444,0
92.456,0
92.467,0
92.478,0
92.489,0
92.5,0
92.511,0
92.522,0
92.533,0
92.544,0
92.556,0
92.567,0
92.578,0
92.589,0
92.6,0
92.611,0
92.622,0
92.633,0
92.644,0
92.656,0
92.667,0
92.678,0
92.689,0
92.7,0
92.711,0
92.722,0
92.733,0
92.744,0
92.756,0
92.767,0
